Dyad,Participant,BodyPart,PC1,PC10,PC11,PC12,PC13,PC2,PC3,PC4,PC5,PC6,PC7,PC8,PC9
1,1,ElbowLeft,-0.2447698388313412,-0.0069084532771996774,-0.0036788382807167084,0.00250996546073477,-2.1793276978242284e-4,0.4169414264492281,-0.3454014834594983,0.18142892852509682,0.7714435232492427,-0.0022168514909408138,-0.13715907723395934,9.756765827994267e-4,0.004211368172939183
1,1,ElbowRight,-0.2683357898034028,-0.004351132002527519,-0.009074322102631711,-0.0020319425106379474,9.76961155333662e-5,0.1071230047255487,0.36044613239300183,-0.30609828520383675,0.1141191028811551,0.8092900777448915,0.1223590847012638,0.09760742519038193,0.018028382100716445
1,1,ExplainedVariance,0.8261633745328851,0.0012319522024438236,2.782577863679096e-4,1.1596912731211403e-4,9.763001545044516e-6,0.0684482354242467,0.04829083890240948,0.016200761083785112,0.015288572287634554,0.013024882083739331,0.007093875516278952,0.0023076458068337843,0.0015458722445180673
1,1,Head,-0.2957561755811801,0.7619231045597386,-0.06413370621219132,0.011050084479489452,0.004952433489735896,-0.14627814141536913,-0.033095296305125935,-0.29516428648942805,0.00890067232380096,-0.18441088399489552,-0.1978701123265845,0.2943290655411678,0.2413677246781773
1,1,HipLeft,-0.29478309051781865,0.2360305028245889,0.3099510477736453,0.3084027940655744,0.004230048650998127,-0.11195284908125713,-0.04567978313340615,0.42168287992710995,-0.14248563125923686,0.11737732305030243,0.021739695679105484,0.1352716217366678,-0.6487723416119703
1,1,HipRight,-0.2948061904344112,-0.08358581422396891,0.2677472027608815,0.3174955970624844,0.007818878394554137,-0.11389501600505297,-0.03277506926357357,0.41233387717640646,-0.15350032542890044,0.12519573593476802,-0.03488462054299448,-0.1856522138660279,0.688886099854115
1,1,Neck,-0.2976156218117277,-0.37308936391601294,0.453555796867623,-0.21586857841885324,-0.5584907008182918,-0.15453174535274444,-0.028641817012305906,-0.2657094415014427,0.008703831395327113,-0.1685945418895325,-0.1617017181618033,0.23995096181084807,-0.021899634521753635
1,1,ShoulderLeft,-0.2891651370379372,0.013529609013123698,-0.01999820899227382,-0.014903535686886668,-8.192647151446942e-4,-0.09740966521087328,-0.082107186397443993,-0.10066869545025534,0.10815582402588961,-0.231239399054257,0.9057378379969003,-0.05236945121468248,0.030666048726002447
1,1,ShoulderRight,-0.29563466793098486,0.0740233956746297,0.004814458758931928,0.0033344166929700297,0.001750103688873983,-0.1388035127854216,0.021003866588280656,-0.28269343576641365,0.024039370061045517,-0.06147681562982513,-0.2008784277995859,-0.8509242618015944,-0.1966688367535673
1,1,SpineBase,-0.29619655574458015,0.03974258533223206,-0.23076646930197045,-0.7938564482331325,0.05359330408718956,-0.11923867294270121,-0.04236179203577507,0.4125702827975637,-0.14998621550349495,0.1174100318756483,-0.03747018972861527,-0.02094873694331506,0.0020482569551696296
1,1,SpineMid,-0.30085327914540666,-0.2638849977755011,-0.7517493116936312,0.35525540842984205,-0.28843856981843213,-0.15049446135762898,-0.03959771956310927,0.04573733316386562,-0.06939239345970172,-0.04136732296280965,-0.11057991034331957,0.12800746646846584,-0.062232767139381945
1,1,SpineShoulder,-0.29883236691760967,-0.3748868460956186,0.05894171913031024,0.0265459828086373,0.7758296882811453,-0.15601838920793884,-0.03171314830670083,-0.20665898077379885,-0.006536226778873409,-0.14584994688434266,-0.15208416728853624,0.22287925018794022,-0.04351401129847044
1,1,WristLeft,-0.19767685614961095,-0.009132496749114266,-0.0026119033880261156,-7.696009002973122e-5,1.47969462467745e-4,0.6892818532795775,-0.37618848900441837,-0.18677406864288726,-0.5551285045590686,0.01613774811469429,0.0260604461452422,-0.013477313116641819,-0.0057388710649164815
1,1,WristRight,-0.2014714477326413,-0.0036104226604874385,-0.005972137386146269,3.0293425034449734e-4,-1.1540797856565941e-4,0.4228816922131483,0.7698253986921149,0.16697259973772038,0.005925841225527653,-0.3985996616032498,-0.03274473054751818,0.0020980034567026525,-0.0052062576112079425
1,2,ElbowLeft,-0.2664085436482693,-0.009199352279206801,0.02605844671997502,0.005424377304359214,4.4594005654043935e-4,0.09773157634136793,0.22410266888687685,0.09762693187017685,-0.32147950476401116,0.8394089689229716,-0.21914230812020954,0.030871461842662276,-0.044674622692867406
1,2,ElbowRight,-0.15787913070508008,-0.004072077748408753,0.00331204564187035,0.0022965619284476615,2.6857157520643115e-4,0.6125216936768706,-0.2201624545475402,-0.5029725973095655,-0.5088342424748368,-0.1985455241484599,0.0023939801686557183,-0.006855853137658312,-0.004491291325725576
1,2,ExplainedVariance,0.7090644461085865,0.002364844056595753,5.984183139773597e-4,2.0888200686994325e-4,7.587809016050963e-6,0.10185905061939568,0.06678969586576729,0.03536629170715892,0.03033461756494082,0.025227207803356067,0.02109350284939874,0.0039089073750857095,0.0031765479198510947
1,2,Head,-0.3133038754912326,-0.06745191290247615,0.04471816946006639,0.011502431939070957,0.0015296725669234697,-0.07957807940474773,-0.042156219294054664,0.040509477537230776,-0.036340145723777,0.013849128854178883,0.42931013984465466,0.6744998052083804,0.4946070533780887
1,2,HipLeft,-0.31304976883814695,-0.6680100728689213,-0.36303793331141593,0.24715147104105675,0.0017781070645250625,-0.10104862351197841,-0.03159562848935876,0.07011865515942162,-0.003992553150538494,-0.19200460707367606,-0.4362156085190722,-0.029432088031389775,0.13682501253838045
1,2,HipRight,-0.3155178865523838,0.6972938667025025,-0.34910428687154715,0.20086056487482984,0.001342562624723809,-0.09635844795445248,-0.03424038539210893,0.04608079148398356,0.008921833801957615,-0.17642848997417737,-0.3744743164539263,0.2413818299019997,-0.09861819358033273
1,2,Neck,-0.3181760054592259,-0.08731978416695066,-0.3449584273171212,-0.2938754191833122,-0.5649296047359905,-0.0989001696191206,-0.045965632221808925,0.05009610881201185,-0.04303797879657126,-0.00895809918645904,0.3831638017186444,-0.06342781250074547,-0.446610505293178
1,2,ShoulderLeft,-0.3186443701676682,0.22496008575625437,-0.08741968454235963,-0.03088302446355673,0.002504147275278395,-0.09254048049150379,-0.03571075612426165,0.05822697148797856,-0.053491645100439814,0.003632444591839451,0.19574343109946568,-0.6798820764523098,0.5679766136802851
1,2,ShoulderRight,-0.2564701812669956,-0.01768480888689689,0.023347451520340307,-0.0010113296536013686,8.872007990294949e-4,0.06055948150420709,-0.062447104128695016,-0.6176205467078129,0.6912693830053765,0.25419182133028606,-0.03773456287397946,-0.018714930338432183,-0.010008054536580832
1,2,SpineBase,-0.3167645137638211,-0.014591050932082525,0.4282224765669193,-0.7128105728580013,0.04457231746547892,-0.10850143317546257,-0.04024027480731589,0.07092637735836277,-0.010410727203026188,-0.19864133911413442,-0.38119859633699754,0.04875506041439104,0.017568950424752507
1,2,SpineMid,-0.32365294732068983,-0.004042588785190107,0.6563638451976141,0.5502070977188246,-0.26799238788629387,-0.11702042763735626,-0.05033697464277288,0.07063536343673923,-0.03261374618734193,-0.11768992056370087,0.03841587418229892,-0.09580919443294862,-0.2075679611611019
1,2,SpineShoulder,-0.32046889477447915,-0.06411118138524732,-0.047275242103547124,0.016111095283151435,0.7791233878489123,-0.10535662920420683,-0.04821390904768047,0.05684273466326434,-0.04206893922319954,-0.03554525246508869,0.31316340630013473,-0.0812135153714196,-0.3991312602784766
1,2,WristLeft,-0.1325219036139265,8.058491260570198e-4,0.004895400174814801,-3.670556983162082e-4,2.011176317095506e-4,0.2516895068630846,0.9152016580632422,-0.0322050739663817,0.08223084644725467,-0.2608301923283539,0.07440569404848939,-0.010176146049005942,-4.933356568061244e-4
1,2,WristRight,-0.12037084839607409,0.0028572595919022967,0.0030671484522790783,4.1056884575075664e-4,5.824750902813319e-5,0.6837476615574509,-0.2144741660575368,0.5719817800639864,0.37954151931024027,0.021808271688233308,0.014109857751560836,-0.007064467706842622,-0.006600444244760228
2,1,ElbowLeft,-0.2649922102449446,0.0012166727261515996,-0.004732859555407059,3.5849011941700693e-4,-6.690174474316712e-5,-0.44757553617701695,0.1347903762522676,0.10995876884703601,-0.7695607920526978,0.1555141740377424,-0.2874820278015757,-0.010353645237416659,-0.003208276116898971
2,1,ElbowRight,-0.27751055361503096,-0.02967896624907645,-0.010212514329470254,-0.0015659881180683133,2.9799647324553317e-4,0.03215303157559965,-0.3381472991579273,0.17947228063826826,0.12586256782254807,0.8166297739796333,0.22819458845146232,-0.19460458559007737,-0.041751808105965044
2,1,ExplainedVariance,0.8949602310194771,6.920479240372574e-4,2.0486426051927317e-4,8.915981071701345e-5,5.6771857365501695e-6,0.04149897380420418,0.030320901422225936,0.012208061432825415,0.007774430899408293,0.005558840424235662,0.003964397085493768,0.0015251537119147722,0.0011972610192047914
2,1,Head,-0.2873347680706127,0.709572076817393,-0.11245493962471027,0.03977328464809791,-0.0044120263534548,0.11094306237060172,0.09551711582085104,0.29932114689863426,0.15046551111603654,-0.1676888660509991,-0.22102272250270028,-0.38786580970573126,-0.1965281601881423
2,1,HipLeft,-0.28494440877352045,0.15525058528823096,0.35371963132100176,0.1880463430300846,-8.755052551790835e-4,0.1462440480977472,0.09814011181361866,-0.44211665324618127,-0.045380820592471546,0.016771424400942342,0.038988473950388514,-0.24751192368730476,0.6652933767949315
2,1,HipRight,-0.28447532335276776,0.07098713631317714,0.3685274513258205,0.19620829671188303,-0.0027986632718218054,0.15177967810292778,0.09724679556560857,-0.45921283912632027,-0.027329683297918864,0.07626286017256419,0.002956761572456501,0.2523770431451534,-0.6527482784030808
2,1,Neck,-0.2887856814584984,-0.3646481348875185,0.39833305595091606,-0.36400195571764554,0.5586615915569162,0.1150849112097695,0.09634641560750641,0.2783808685232871,0.12672164576289716,-0.13336765797305727,-0.17674890400252036,-0.12116660341028136,-0.02398419693727814
2,1,ShoulderLeft,-0.2839454323388713,0.02899992124675092,-0.017966529194331945,-0.005006657100892478,9.756843882743883e-4,0.04509377017504351,0.0930399744421613,0.23390554247148304,-0.25116879381208557,-0.2946032170988497,0.8364779708174177,0.05060177626472305,-0.02550959798341732
2,1,ShoulderRight,-0.28780429553134307,0.21794404490530395,-0.04485459220016407,-0.005488182300649161,-0.0015569359943026731,0.11428546620377501,0.04991060871708461,0.2472234498924442,0.1410717755317964,0.09878466106978748,-0.1495835403205644,0.8059883621218173,0.29883239579782495
2,1,SpineBase,-0.28608134510118055,-0.01976214747606187,-0.5046314144558899,-0.6604180573198777,-0.06051176541103987,0.15160230248132214,0.10506517127684543,-0.43297515873482945,-0.02230928585069493,0.026714406534484897,-0.006199370674063842,-0.021704548660169146,-0.0094896297970195765
2,1,SpineMid,-0.2904109467223359,-0.3564183597415032,-0.5431733891397013,0.5964703160655885,0.2859739125739555,0.1382452221703023,0.10699650479100012,-0.03653327751710465,0.06258991399723882,-0.0674209524027451,-0.10473889667131932,-0.06844313274635308,-0.004442146280939974
2,1,SpineShoulder,-0.2894870027763786,-0.39712336403063603,0.1248977104316943,0.008114704914596408,-0.7761590795593948,0.12047735161562183,0.09927962284087775,0.22095948999637974,0.11480468459019065,-0.12259866374760431,-0.1626828785573396,-0.11078241756771959,-0.0160861032422311
2,1,WristLeft,-0.22973700962745866,-0.006191581307698199,5.920610282581177e-4,0.002364802730224196,-4.7354147473503835e-6,-0.8066957566305214,0.1255959443208295,-0.13616369264358152,0.4942797216369973,-0.06985117122575857,0.11315052387143854,0.010015819379639461,0.0029503651390596786
2,1,WristRight,-0.2418054243884956,-0.0021148820047988005,-0.0017870015111990276,0.0018661545687642055,1.5032832186351354e-4,-0.07875644944008996,-0.87791124484845,-0.10133653419473251,-0.07440064595013816,-0.3677078103782274,-0.10636348586599663,0.047306561207076325,0.004852668586193741
2,2,ElbowLeft,-0.2823753427136346,0.0362939464228688,-0.004181999429721051,-0.0077825839624183525,-3.542338092794531e-4,0.08605873327633864,0.07395523596058745,-0.046824038669254414,-0.3913427891738104,0.6845347956248419,0.368361164696405,-0.3782444952569008,0.057487807941533846
2,2,ElbowRight,-0.2688613122457786,-0.003979017636428033,-0.0022470578342343966,-7.614416318567094e-4,5.769972171699986e-5,-0.3699875519138121,-0.12659046251200617,0.8657467902322092,0.054843168453707056,0.10048043975556184,-0.11013303084528266,0.002758263452886142,0.004207949273970259
2,2,ExplainedVariance,0.9426488806378612,1.8083254952825663e-4,7.123977960227739e-5,2.734428467556871e-5,1.4130164851243076e-6,0.029804090957455915,0.015034999967171983,0.005898667123721706,0.002499769791875448,0.0017392939030622396,0.0012604334882431252,5.181084857208288e-4,3.149260145962274e-4
2,2,Head,-0.28386089102355744,-0.7580118691020158,-0.11870280319499896,-0.04967473169014307,0.0016711413996668718,0.10652313611105504,-0.08855241800384146,-0.06744682957480169,-0.2068044934564456,-0.19446032050867237,-0.3500017393626443,-0.316220416578976,0.03824925377104407
2,2,HipLeft,-0.2833805766639816,-0.08631784475803089,0.3860481327654253,-0.14459278528517858,-6.939256528046924e-4,0.11851786609012963,-0.08477419805661679,-0.0939697199532791,0.4166021834015154,0.13208749201297199,0.007286004768041643,0.1465562934493185,0.7068975790465272
2,2,HipRight,-0.28323070881498735,-0.12445519698962597,0.3718856660502998,-0.14217852369669878,4.0701211150974333e-4,0.11596919235514529,-0.08546355742146752,-0.06475163290963587,0.4763019260961776,0.06814789746926835,0.16008111457411575,-0.09993425478925044,-0.6735809500054466
2,2,Neck,-0.2841398473756247,0.351337706517559,0.3344440108735758,0.41749445413427133,-0.5522024131932889,0.10987156374705939,-0.09146587226477647,-0.05875031124345098,-0.202190855770529,-0.16143416858753665,-0.30721534414960894,-0.13750200163184778,-0.024997517370551173
2,2,ShoulderLeft,-0.2834397300621307,-0.15275280092830684,0.004193532898499293,0.012356407518622273,5.572420269032205e-4,0.11318926044178948,-0.06566297767100768,-0.05985298986461843,-0.3375599254918763,0.19176750965962974,-0.057011163713090764,0.8310805076291842,-0.17545809889341635
2,2,ShoulderRight,-0.2825101496814914,-0.0045141943117175416,-0.014600956381996438,0.004597463900862618,-0.0013126726925394264,0.06999141978818724,-0.10100321011231396,0.09747254016936059,-0.19067626654049424,-0.593001659049633,0.7054853362908985,0.020361599691494793,0.09590456485761092
2,2,SpineBase,-0.2836079666955817,0.021662684470697337,-0.5991588669874949,0.5788348479555143,0.06177665743351836,0.12185839121053708,-0.08919766642525029,-0.08192940386159686,0.4216760616811545,0.10039561530071488,0.051938296971963206,0.027777477187597602,0.019039194000801396
2,2,SpineMid,-0.28440503277506873,0.33727620121936064,-0.4634378020706815,-0.6684470683788661,-0.2896099834242613,0.11859986475427252,-0.09467804849981656,-0.06937260122051811,0.059346286211765555,-0.05137665215505294,-0.15751784708395436,-0.029158108965756192,-0.014916138309390627
2,2,SpineShoulder,-0.2842580596526183,0.37428631166381715,0.11262322479190144,0.0015797574141728607,0.7793436214676063,0.11245648081834733,-0.09311103116291478,-0.06057372955169163,-0.15434760317687662,-0.14172452925431508,-0.2782413646891412,-0.11034947972007579,-0.023548997726559988
2,2,WristLeft,-0.25899535411467073,0.002411636589204075,-0.0036945176126396296,-4.0635942156010254e-4,2.2946885134279748e-4,0.00360449801680042,0.9521064468293784,0.06230980189133964,0.06552070441227287,-0.1157497034268642,-0.056564589699777734,0.0398699633689498,-0.004405685289307494
2,2,WristRight,-0.23830676032596304,0.005701730495852101,-0.002800382966327312,-3.2335818083660105e-4,2.4827057828005685e-4,-0.8634253721167797,-0.03460455427988192,-0.4417083866741861,-0.004464709587238998,-0.026838869183214147,0.02306799362830829,0.007611105863537242,-0.005648262147986137
3,1,ElbowLeft,0.23198700271189177,-0.0061494618359561595,-8.738295419160884e-4,-0.0012203022677588883,-1.1967290010935776e-4,-0.46086009498964337,0.32894670113169655,0.028214463826551302,0.7560794655714679,0.20780548173772706,-0.09840454379770054,-0.013706111536016348,0.006110983040381436
3,1,ElbowRight,0.26919590933129456,-0.0010074942522448058,-0.011610663000475042,0.0014401266660276752,-4.4601857356944195e-4,-0.1253056519486101,-0.26373769312902157,0.2685468491163245,-0.2650175599492228,0.8247592406511638,0.1106478300475355,0.08550327709980912,0.0017648780092196772
3,1,ExplainedVariance,0.7972051168130526,0.001265221038672639,2.604831659247337e-4,7.93462417453203e-5,8.156253941184994e-6,0.08260691288688975,0.05053389317488013,0.021520545975760415,0.017836619338210822,0.016799902353079293,0.006841603638640348,0.003293962339079695,0.0017482367801229758
3,1,Head,0.29944831065058763,0.009762272352937331,-0.0446276498436414,-0.01826872771208064,0.0073359927290987574,0.08774502157096173,0.06625297965227495,0.3480849636810013,-0.042054116441606545,-0.17741715043464837,-0.14471857039048192,0.07705179529618252,-0.8452683545114817
3,1,HipLeft,0.29536318521639626,0.6603209444789618,0.3031612575326396,-0.33132403698429863,0.001908627541642683,0.16598420521747442,0.003814565332704828,-0.446199165520611,0.026842714219409286,0.06133891715231331,0.06958818273328317,0.18401950960683194,-0.07213278680331779
3,1,HipRight,0.2963158365819757,-0.6853459996447658,0.23946329765649269,-0.34585071808292156,-0.0022601904021512095,0.1669793058585115,-0.009749062317488968,-0.4117502303192212,-0.014034501495006124,0.09129523095698222,-0.07963598529473292,-0.21411119751582372,-0.08546707392777142
3,1,Neck,0.3022908872533277,-0.09885415739069085,0.4462329987857881,0.19179325770096672,-0.5487315081740606,0.10082361438501977,0.052515888312516024,0.28376084047268035,-0.03623382697161902,-0.1760978129132645,-0.17983808056824488,0.3328829012216691,0.3048173857829361
3,1,ShoulderLeft,0.2951247443524011,-0.07782010350217371,-0.02223063229824421,0.021646300947914095,-0.001943552599066661,0.05834888751839952,0.08373045087524572,0.1455562159846561,0.07270514586305774,-0.19771565480255948,0.9053407066187108,-0.087000327752643,0.05185086729210288
3,1,ShoulderRight,0.30055157252930853,0.2703981260312813,0.03767130738161301,0.017906363134057114,-8.244053781074456e-4,0.1018201289769814,0.02173002355701001,0.23237633450708794,-0.07419811363501733,-0.06035748541964667,-0.2175000927673444,-0.8221609238176728,0.1938339656944495
3,1,SpineBase,0.29667965725618467,-0.006261794579007491,-0.15704722678683894,0.805609784114523,0.07435194786044642,0.17385946647577064,-9.217534702641028e-4,-0.435513932043013,0.00729252784320307,0.07526401140195807,-0.04100755297966847,0.0023643932676093993,-0.07373867504944469
3,1,SpineMid,0.3056059096816377,0.003616806267529711,-0.7889043741007691,-0.28438520529902567,-0.30428121151687865,0.1496127175726168,0.03136068060401548,-0.0577304908322992,-0.012968615426760768,-0.06334451754928858,-0.12459593282364592,0.1592499861916906,0.1974693645671925
3,1,SpineShoulder,0.30393109476659236,-0.071597468092245,0.02163401440896808,-0.05308859121574346,0.7750552978513561,0.11341923607105177,0.04871273361948754,0.21756239869564442,-0.03056028613311758,-0.15487239896382402,-0.1692460925200448,0.2951153312670977,0.30866747137853745
3,1,WristLeft,0.17858453882754505,0.0045791096996680505,-0.007057233052768299,-1.358816721148344e-4,7.143967459821665e-4,-0.6857039356053674,0.3353290218368954,-0.19043500802775293,-0.5645253426473117,-0.17418977575097008,-0.0069187992022466255,0.0036898589010369576,0.0065500457672382625
3,1,WristRight,0.1857789926190251,5.114887743915537e-4,-0.00586405581592871,1.1697526680186035e-4,-2.4695404957760555e-5,-0.386228184294205,-0.8316812601754422,-0.0705816748181034,0.15321566292045513,-0.30865071899015084,-0.027532478810862394,-0.007488542118699379,-0.007027075980909022
3,2,ElbowLeft,-0.2497586711450505,0.0019829366334736327,-0.012353276466512166,0.0023165894477826096,-0.0010656189248507072,-0.0713592889856628,0.533297606899289,-0.029625475238189876,0.06526349608089994,-0.11541993738846328,0.7883701059619344,-0.08509125688295359,-0.027062562857171516
3,2,ElbowRight,-0.1590821256948004,0.006598386778313208,-0.005062140928475672,-5.731511406868249e-4,-3.750542144598466e-4,-0.6191459209492304,-0.2046576257417702,-0.05820399626109608,-0.5534151604274389,-0.48955219916988424,0.0046669733354761656,0.0075833254854289905,-3.752146757026002e-4
3,2,ExplainedVariance,0.6824436161836981,0.003290911493909552,0.0013862232806501876,1.7607716969399487e-4,5.363229566641688e-5,0.09699738757162664,0.06439868512474688,0.04573871221109427,0.03837652256634155,0.03280634806224522,0.02390070868909822,0.0061289023629100435,0.004302272988318959
3,2,Head,-0.3111397611795222,-0.08106163050104388,-0.12843329557836292,0.0017227797991936967,-0.00658986631086414,0.081450974975815,-0.049806397925684726,-0.33003206713089794,0.11505508080441709,-0.08312496654438027,-0.1409838403345162,-0.6240488803635356,0.5766997237890872
3,2,HipLeft,-0.3059640127485501,0.6592692647072262,0.1261016315227649,-0.39987509731534876,0.009838028922334761,0.11684194462063469,-0.10167850948555039,0.4481016798518348,-0.04357181588386995,-0.0010370724358933353,0.018635573513215903,0.05170423257942082,0.2571880480330285
3,2,HipRight,-0.30942399507980933,-0.7007466484957542,0.20221778135341484,-0.39777686268791124,0.009054638872125131,0.10255648907851483,-0.1198004801371047,0.4096780746420441,-0.06141279658281977,0.029306783555522978,0.010158773653274139,-0.09197667050518187,-0.09006128324048979
3,2,Neck,-0.3182160117490493,0.1309388507917589,0.5426715307220183,0.08328959756100726,0.5561640013617414,0.09309026438999776,-0.059532228276238996,-0.31676250680311124,0.1244515963631645,-0.09834014017998968,-0.09780016058627683,-0.05410491528107969,-0.34734144292172575
3,2,ShoulderLeft,-0.3135625479576013,-0.18387709197104973,-0.034321097134757145,0.007048822795835387,0.001002517034476024,0.1006043019361964,-0.01616225955433831,-0.26729237855340554,0.1282797086664986,-0.12261309438848658,-0.02136398570179445,0.7654606311371329,0.4085772911006522
3,2,ShoulderRight,-0.2522153647379452,0.027844695900095397,-0.01661724678107401,0.017864431148156057,-0.0016255045486894993,-0.10784539784645839,-0.11748044815498232,-0.2431590276624177,-0.4411510451387443,0.7974255996915889,0.13723819215103847,0.03335684837405367,0.002595955806319266
3,2,SpineBase,-0.3101832064619738,-0.016511103425258203,0.06055257158061889,0.8157524388586762,-0.10027927773303409,0.12121181640948175,-0.11826964940437733,0.4366980140182146,-0.04365099264632591,-0.007645065183050179,0.009431719329854649,-0.021612148325864163,0.04933664561634371
3,2,SpineMid,-0.3263615873026522,0.04722802745420789,-0.7874098196985178,-0.05522849884293396,0.3006214847055197,0.12941213076746017,-0.10871010301015262,0.033786443003417876,0.05338689751211345,-0.06798394296261714,-0.05461699872253275,0.011540968153521514,-0.37084341952940764
3,2,SpineShoulder,-0.32158132487143704,0.11601825633370119,0.08198212039347803,-0.07767023027846376,-0.7681299185265434,0.10584848249201184,-0.07388470033840294,-0.2597756734371467,0.11533154589199823,-0.09754975167101551,-0.09243111648349825,-0.025911380981701475,-0.40517826944759
3,2,WristLeft,-0.20195025564048985,-6.080008695405657e-4,-0.010298343595755962,0.0037410851281798256,-0.0011277779422393993,-0.18423042113972646,0.7564946155984698,0.11368155021591178,-0.11219455651801244,0.09086747570339801,-0.5635533273703374,0.02833107398760886,-0.026578855150331586
3,2,WristRight,-0.12660526582647302,0.0022156894264951507,-0.008864785696324217,0.003152959779097549,-6.528479378072981e-4,-0.688302142647299,-0.1593171607774906,0.12255052730549977,0.642932304252105,0.23706898226623757,-0.007772787369355057,0.009359656997025914,-0.002268689919600828
4,1,ElbowLeft,0.24321589723570092,-0.003201008263937699,-0.0052771995471140925,-3.470433961690299e-4,-7.100710024256016e-5,-0.4818300463012652,0.2582830646828477,0.7609486895161255,0.08283527823772825,0.05867462800129155,0.2288141950826307,0.012950397879876304,-0.008155948529567494
4,1,ElbowRight,0.27300101714077907,0.0015581721296742534,-0.007318770875032838,-4.407836389204629e-4,-6.522928037926793e-5,-0.015050969486605788,-0.38698698396856507,0.10450174685393102,-0.582946609430267,0.5792651357472268,-0.18331752674976626,0.2355416306753739,0.006939662459988541
4,1,ExplainedVariance,0.8424598530404638,0.0011982273241864137,1.827794126607437e-4,6.925299772281697e-5,2.6401110280618124e-6,0.066687340686767,0.04469265018748701,0.014207013145756847,0.011004500431826946,0.00952865553923185,0.005524923084767747,0.002682580366167694,0.0017595836719330408
4,1,Head,0.29269429255050156,0.01090434985187232,-0.03235883276862088,-0.0056915580858885526,-0.0023272023822776848,0.10717406148845542,0.07032502271941488,-0.07060840651939429,-0.20998726959801567,-0.41522522890874736,0.2017655756677545,0.4903667906313125,-0.6277206593369202
4,1,HipLeft,0.2934391338129659,0.6770116986461919,0.3096812040368856,-0.298161777357036,-0.0011683101498685523,0.12813774755521468,0.09218470535889285,-0.07700164328714118,0.3841619032873915,0.2291279641298852,-0.08158968974811495,0.18171551790410648,0.011849977242477149
4,1,HipRight,0.29379262337433737,-0.6748502339345004,0.31225015668485784,-0.2900389970167863,-8.40753562857324e-4,0.14055746210681289,0.05491277470471877,-0.10813267542383623,0.30067310685262016,0.30356897180456366,0.09077394651531266,-0.10558154443177695,-0.2005723585421275
4,1,Neck,0.2964995315520033,-0.0700926173967337,0.41758118606055433,0.22464649386291666,0.5522298512017121,0.12493673100201617,0.06704026330383235,-0.03577571874331645,-0.19005393397254966,-0.2566083243126217,0.14824546220941465,0.06638500201200262,0.4771180659640786
4,1,ShoulderLeft,0.2893923948230008,-0.09423238114889709,-0.015225779944015895,0.010660054906438423,-4.2539040704770337e-4,0.04262715679374806,0.13602162972984377,0.17156248084751344,0.00696807945726402,-0.28531041853916567,-0.8673433484569845,-0.13940170252292758,-0.06407891335448268
4,1,ShoulderRight,0.2939192572371002,0.25765357715152265,0.005370931182360923,0.011290411981157274,-2.9874272267234325e-4,0.12705161381280172,0.002575613280229469,-0.03668714502873395,-0.2839943818562354,-0.018582724064248685,0.22060207906759904,-0.7909974864672881,-0.27246022543097326
4,1,SpineBase,0.2948446655285658,0.0016462733224737636,-0.2648699227739404,0.7847983909104134,-0.049453633604695055,0.13986073589170728,0.07483455461062206,-0.09863428774289226,0.3396116415772038,0.26179979542502085,0.02512786895495693,0.045002315399713215,-0.05596323664294639
4,1,SpineMid,0.29826606214712015,-0.04120279067504154,-0.747776924526376,-0.3988342271385657,0.28479147731020804,0.1412661791666773,0.07463438898089521,-0.06960764528571263,0.06223739399747938,-0.005962182905513036,0.09583399689541017,0.02893000600966436,0.25630575559197877
4,1,SpineShoulder,0.29742071504717266,-0.06497481464772854,0.038614955272298676,-0.03547640067827418,-0.7819735136350032,0.1301541896189415,0.06935053782629633,-0.04409469705295875,-0.13316582031616564,-0.1992586477783682,0.13780834984588464,0.05331344488195352,0.43603023327764967
4,1,WristLeft,0.19462060373866513,4.85546828945349e-4,-0.0026040691204668406,-5.692715115212671e-4,-3.980355338590467e-7,-0.7604240809758095,0.18705691556877246,-0.5806152617838634,-0.07712150194562749,0.027572772973599058,-0.06582566119210098,-0.019769290561548254,0.018289297406928504
4,1,WristRight,0.21896381060184794,5.634676379189548e-4,-0.003140891074762184,-9.563492379108679e-4,-2.8328383329164964e-5,-0.2273343005233817,-0.8325254875410039,0.04167848571990043,0.333946022244836,-0.2954815113080289,0.04864578056053685,-0.06413047199415374,0.014788004379438545
4,2,ElbowLeft,-0.2277731247376006,0.0165141231391129,-0.005732168919964718,-0.002962811536848097,-1.787332919635227e-4,-0.3000384519542773,-0.4660000347482784,-0.4406626865806964,0.56860138219268,-0.2893459111066979,0.18765949203776294,0.06478194351202456,-9.683915557760219e-4
4,2,ElbowRight,-0.1871071697381551,-0.0042541862731109,-0.004872627181201003,9.335554580443904e-4,-5.461284982113235e-5,-0.4346729288941338,0.541539429618853,-0.2633695201298496,0.28515874816127756,0.48320545883712157,-0.31368000383758055,-0.0021838439105596914,0.013275457216744517
4,2,ExplainedVariance,0.7114893107441164,0.003257286728798861,0.0012538257640853615,2.9648290361946976e-4,1.7194726271200754e-5,0.12343562983077952,0.06266360665088397,0.02679613700657978,0.02390895077101421,0.021007129563201558,0.016330636180254154,0.0053999244790968555,0.004143884651298705
4,2,Head,-0.31189681110201006,0.02016691619753922,-0.1297238385689745,0.018162336305081468,-0.0010363835656570833,0.09912897483834757,-0.0012939812367306347,-0.16950336460761556,-0.2510360794034148,-0.12187673646338146,-0.19699410347869106,0.4251393774002772,0.7410611433230996
4,2,HipLeft,-0.3102164762056364,-0.6682297899750398,0.22236461144531205,0.42205184327249534,0.0023564573945638934,0.11675899486098318,-0.003395915349534928,0.3598888834027107,0.25611900319952646,0.05402687749911639,0.0434422251645295,-0.047770479819510096,0.11749918074425338
4,2,HipRight,-0.30880220322972757,0.7305376152209934,0.149631456540372,0.34015071956123427,4.7074198742887515e-4,0.12192652536919471,0.007460363191869879,0.3751470127742288,0.23775901839007965,0.09821328208103203,0.06912188593323638,0.07873100483566423,0.0074205110282957254
4,2,Neck,-0.31668686750632385,-0.023268528579695837,0.4806262938131818,-0.09806109463178578,0.5695790890422697,0.10769467278664144,0.005761632257280325,-0.1865661008985361,-0.2233214241307944,-0.1112200114490148,-0.1929841629533141,0.22005532506271955,-0.37387460551422796
4,2,ShoulderLeft,-0.31196803527924755,0.10435268792210291,0.0901580737871272,-0.019115631334445445,-8.503058017014511e-4,0.10231206951989846,-0.024820483824509826,-0.17911192116789768,-0.1450078541407317,-0.1293760856395228,-0.16757173116053337,-0.8560587599011477,0.20357952195750595
4,2,ShoulderRight,-0.2884160803804217,-0.028641563461331745,-0.013264452047445339,-0.03416983448333285,-1.484236071689099e-4,0.05946107417418221,0.1287506345631139,-0.24102028853316593,-0.25656622569257237,0.3418707449744795,0.8084620694428168,-0.01042973983671182,0.00525583017772231
4,2,SpineBase,-0.3120734329174476,-0.050769506309590866,-0.031023261869487628,-0.8186461947091442,-0.05855675607690453,0.1298485626785826,-5.7863272981489855e-5,0.3732373587257669,0.2531547869100593,0.056297421731179825,0.009958435204744653,0.016410060219790863,0.04083768188236867
4,2,SpineMid,-0.32059596349538355,-0.054303988903056974,-0.8153923128507089,0.15052997781083674,0.2653005306279359,0.13461245206637015,0.006504748155178153,0.03868931967655094,-0.01626459617221951,-0.048377960343150755,-0.10550485806900463,-0.0169655854532443,-0.3204329533521817
4,2,SpineShoulder,-0.31879967355345407,-0.033545399708576666,0.07722661959057478,0.042769651953643156,-0.7757310406645515,0.11581263577559806,0.006788061022268477,-0.15012836214373054,-0.18716721204925746,-0.10214117501638675,-0.17802822832768644,0.1548048191598222,-0.38803285483855593
4,2,WristLeft,-0.14318526356562095,-0.011283213962098769,-0.01244430452150841,-0.001996506995247739,-3.4652803539470266e-4,-0.5120502789434166,-0.5853200031656736,0.24515469077906277,-0.3654740615333299,0.4023464711507627,-0.1341068131845104,-0.023052002372354153,-0.01859788169526895
4,2,WristRight,-0.145369576128365,0.007476888881818794,-0.005253175987702918,-0.002674061327005948,-1.3542941041864596e-6,-0.5886597832390733,0.3599948227909019,0.29840426536557707,-0.20137240669757858,-0.5758157163035532,0.20266674245770872,-0.012315703795754297,-0.016590575568332468
5,1,ElbowLeft,0.1978924671294876,0.002601333863553599,-0.004793579041340365,-8.011544549518712e-4,1.1106229642153872e-4,0.46368204369995714,0.4105952253034584,0.11725045454553894,0.7199251229266658,-0.05254673165326447,-0.20519646639690092,-0.016237861093408412,-0.006958919904284227
5,1,ElbowRight,0.24811940616615713,0.004064342229710719,-0.010150925933966014,-4.897000433717644e-4,2.7465186212139237e-5,0.2791502790907716,-0.4539100165954581,0.05886464308402432,0.08820306412985662,0.7669969392262543,0.11810527670715551,-0.16675842329208293,0.11433030408155356
5,1,ExplainedVariance,0.7006573244310246,0.0025508591645184804,0.0010836643016246782,3.084520055340265e-4,4.2525919027012224e-5,0.1139332153338037,0.06745952304225768,0.04287375641798491,0.023972132000559795,0.017212748029038383,0.013089911598850817,0.010011342114531223,0.006804545641244789
5,1,Head,0.29897719611503837,0.021062162190885542,-0.047534363759839056,0.004267620021581733,0.0012558538648139196,-0.0991196362176836,-0.03870222266473641,0.32555764051086344,-0.16556465423212782,-0.1683756924459177,-0.29425286119115684,-0.7565901452503834,-0.2753251744291859
5,1,HipLeft,0.3035464701615925,0.6939213323947392,0.23247757540632932,0.3819779074408904,-0.004506890625686613,-0.1318524961971984,0.09841253533655356,-0.441080514681483,0.01830342845627747,0.026200715681436337,0.003998188107192775,-0.060697716423910066,-0.0039558081265606004
5,1,HipRight,0.30430504016082005,-0.7161120458672411,0.2098332382694078,0.3551484770883471,-0.006433552590107304,-0.13666062532294648,0.093889129494404,-0.4257298691388014,0.01840725648264148,0.0517853910537891,-0.02749786895231538,-0.050745932274580935,-0.09639039449999551
5,1,Neck,0.31441786224314056,-0.026780433406763813,0.46599229701967954,-0.1257950284008594,0.5621771253783974,-0.1141445550787852,-0.03516946895092951,0.2929202439002908,-0.07990467019431727,-0.08862329086882112,-0.15442933716850565,0.17971155694133978,0.4253895130011247
5,1,ShoulderLeft,0.2999345996699852,-0.01978198065955476,-0.002739345603715599,-0.01542430246046056,0.0019038104424652829,-0.04204246484620172,0.07442387588465257,0.2031591510130283,0.1040099973724969,-0.21912392126109695,0.8892489104095831,-0.10073805623979791,-0.03276577013927617
5,1,ShoulderRight,0.3067498830915104,0.05788702500275985,0.032950023007219796,-0.0032467240237522717,0.001104059487678338,-0.08908765055255714,-0.08433426457437453,0.2616384179810122,-0.0358978325719988,0.10459908982033878,-0.09525685447628583,0.5317903428177951,-0.7168320144495377
5,1,SpineBase,0.30627667347892157,0.015760109936448993,-0.04941305379336372,-0.8232402224416073,-0.07368535077557904,-0.1443384110886626,0.09713041194073024,-0.4293149295976579,0.015043865954244673,0.042573521730031594,-0.031064757647248746,-0.03870316679297249,-0.0356313627302247
5,1,SpineMid,0.32246268434362413,-0.0022284795806154284,-0.8231003192218606,0.17834394926695463,0.2879972652984219,-0.14799104513381664,0.035316550651171494,-0.03750527183967679,-0.03344791810316699,-0.020924451558189394,-0.08666874091641538,0.14768067594457554,0.21985637202190716
5,1,SpineShoulder,0.31737718578343554,-0.01985236030137191,0.033876512625575665,0.04829840886393488,-0.7716970878229176,-0.12358271422958825,-0.022768090018127213,0.24811416531029962,-0.07208144019946176,-0.0773132264419624,-0.14010597299491118,0.18970362578712904,0.3946377141848452
5,1,WristLeft,0.13866042946552382,-0.0028899898783180523,-0.0038980480207590775,-0.001600400039251932,-3.0490348639442363e-4,0.590752095366499,0.4459574837349563,-0.018126747513102302,-0.64856189768558,0.0829902813346475,0.04995063314647104,0.050342980520365586,0.0017281246156046481
5,1,WristRight,0.15648810723286616,-0.008635985533665087,-0.014072186348428557,-0.002044029133630862,-5.470656172706833e-4,0.4811022395558404,-0.6175865025073749,-0.240549000444905,-0.013330379100458478,-0.5434248327283012,-0.04797433438784938,0.07851867890845939,-0.023305496214693095
5,2,ElbowLeft,0.20730416460190937,0.02348170016961718,-0.011857049609800717,0.007806674983050224,3.3525506810571975e-4,0.37097056698158704,0.4968853237516499,-0.25556250048929735,0.06485828306502377,0.17464307200026208,-0.2217199443208288,0.6483720507652782,0.04682648090928198
5,2,ElbowRight,0.15496566279724322,-0.008766773144957085,-0.003958546700547266,0.0010028737268725652,7.159957342977168e-4,0.486223004208169,-0.46227912531654475,0.13789683686699628,-0.022574492067603927,0.6888894505094298,0.1725659435145378,-0.04345680430465587,0.003934461278319191
5,2,ExplainedVariance,0.5896834334111096,0.006079708720130136,0.004480808827742668,0.0012844124600493905,9.445580201928179e-5,0.13316585093714434,0.07529666147131088,0.06828630531038063,0.03847003347597249,0.027669574242403447,0.02361149470269664,0.019045008632935838,0.012832252006104624
5,2,Head,0.30413268903419605,-0.006075970974281407,-0.15301697124092084,-0.010864853599321909,-0.0021661633586498932,-0.15363249715854246,-0.1774518364321035,-0.320512210384416,-0.027211757712781587,-0.0649740849692131,0.17849611442959262,0.01919145823264909,0.8300108417301602
5,2,HipLeft,0.31959275121445485,-0.6826817288251293,0.2856962562539942,-0.3895673815288855,-1.2341519381257665e-4,-0.07923888787808295,0.15865181653763127,0.3831232577400094,-0.10455876802438768,0.00826560344475702,-0.01901378136414869,0.002168638514522328,0.09392180667640626
5,2,HipRight,0.3136175886043868,0.7173060933317377,0.13164768914896846,-0.37218714442593576,-0.00462077831139103,-0.07254444390342746,0.14782970021542233,0.43292871847829684,-0.06292768756016463,-0.01864541886546614,0.08245223987804995,0.013703633269990884,0.07350470487246095
5,2,Neck,0.3195481045168833,0.04300478754263416,0.4788063981607964,0.11927774243151264,-0.595661098869106,-0.16967872584653387,-0.15850505830609404,-0.3325601423013974,-0.055221217449700426,-0.03488532005634298,0.21017677459809753,0.09797159491658332,-0.27421643918406763
5,2,ShoulderLeft,0.29994329501417094,0.07999708562775573,0.033749777381889404,0.02704685785969906,-0.0011352368503733763,-0.10299013278334537,-8.590519751854458e-4,-0.19981702938292717,-0.12837563016619538,0.21001388517393782,-0.7796917952990218,-0.4273580615085504,-0.00936610266694644
5,2,ShoulderRight,0.26116524491678,-0.028255687723663964,-0.00995383019842946,0.016793637606892762,0.0015394086671960073,0.06468286987055968,-0.14830198978607395,0.09189547950732833,0.9232174815599016,-0.16927806765203354,-0.10423081532796485,-0.049423076606857894,-0.041187830556727686
5,2,SpineBase,0.31935847905733794,-0.027781126018415387,-0.05003055304670022,0.8127778116673279,0.05138048763921182,-0.09503367153774361,0.15136015323799282,0.4264493134162414,-0.1099318218446128,-0.0061773646508127555,0.052896128009194604,0.0219342383164067,0.04780168323452008
5,2,SpineMid,0.3382731626716784,-0.09170616441114295,-0.7884236252507787,-0.18270366326451323,-0.22391211632568464,-0.17939642368594463,-0.04352822964185446,-0.002880686767119847,-0.0990727291635896,2.6710062743268148e-5,0.0815017657340095,0.08019965295937974,-0.339199291082057
5,2,SpineShoulder,0.32673950465156804,0.012825115119877908,0.14504776734654937,-0.017424432697655187,0.7696626176209606,-0.179242979913954,-0.14492027972933302,-0.28523618701632575,-0.06675750394339411,-0.026898732153884164,0.18252437604478658,0.09753520922875145,-0.31121666916966145
5,2,WristLeft,0.18747408762164217,-0.01872832012353007,-0.04273883674086027,-4.1259989577185734e-4,6.096223500948951e-4,0.4463873734689166,0.4614867959732787,-0.22162564258835676,-0.00695570551635479,-0.13073701957747536,0.35793519583975786,-0.5942011541236973,-0.05470580260687983
5,2,WristRight,0.1463227631181216,0.0028437940116685404,-0.0014341200905499368,0.0010345882431661991,-7.529400760268575e-5,0.5240588392795893,-0.3936942813596267,0.08614343896710012,-0.28528113328872295,-0.6312382802716643,-0.21956679455613587,0.11396128695510811,-0.021932604046778964
6,1,ElbowLeft,-0.20267363791086784,-2.769496378152263e-4,0.00758199149001353,0.0017371409796277924,7.813674056405137e-5,0.45522921833344643,0.4710096791653062,0.6691942617310084,0.24505635254269187,0.09976780464447325,0.10110836900733464,-0.041393545149159355,-0.003941038155757962
6,1,ElbowRight,-0.24967937321426836,9.796893793815875e-4,0.008908979302164988,0.007952835687219646,-2.262309710380192e-4,0.22799484606068363,-0.38788581121706084,0.32538110115283597,-0.7314280584002576,0.11987272520546953,-0.26257955172537406,-0.10438392944734072,0.0024835813286189015
6,1,ExplainedVariance,0.7568084473478531,0.002259537487016349,7.903640813938746e-4,3.126639415086803e-4,1.3006725139977192e-5,0.09716737603920797,0.058957770032815236,0.024542463123163036,0.022713981783889326,0.01344583925878742,0.01127978254669985,0.009294089983330785,0.0024146776491944444
6,1,Head,-0.3078826227877718,-0.03508227809254448,0.044763088527973525,0.0016113543714675613,-0.0026484909876299543,-0.1259432462783484,0.013263958407905868,-0.029721501786850044,0.019627621295113473,-0.23350058708995083,0.09328279150777437,-0.33731521332359743,-0.841220647465842
6,1,HipLeft,-0.30636423503709603,0.7115391155606172,-0.35301852996219246,0.17738722852953404,-3.749918586720256e-4,-0.12793116855464506,0.018794078977432654,-0.08922511560384452,0.09579165807248013,0.4145066364799777,-0.09671830765916704,0.1413343247777394,-0.0936069023654742
6,1,HipRight,-0.30604886361836897,-0.7014223935428071,-0.358290699708156,0.17583706943050534,2.096656837840345e-4,-0.12917288845552033,0.018083624120216163,-0.08584632535697762,0.08755207408420498,0.4248170548652541,-0.08572231370609595,0.18010493893070295,-0.05240735106703505
6,1,Neck,-0.3106085863418329,5.428494974337782e-4,-0.3804027311744521,-0.3494744254479031,0.5597545448406769,-0.11915501181139537,0.005622213472453591,-0.02329385583310722,0.027723229067288413,-0.22967693876303868,0.09789400272363279,-0.36746905287538906,0.33233914145746973
6,1,ShoulderLeft,-0.2938302170753543,0.0032873582056575368,0.030601496597895857,-0.017389051593741427,-3.2048269936820985e-4,-0.0738153721141078,0.08985631509097054,0.05237898821552867,0.12962713812110027,-0.5296981596775034,-0.6320032814192242,0.44598809332701905,0.020755145026304225
6,1,ShoulderRight,-0.2941954627482717,0.02148457261449376,0.02983572513079913,-0.008574936239027197,-5.2124036090824866e-5,-0.09846854250244681,-0.06353300295809743,0.0698286167412709,-0.22767727121467585,-0.21542673847698068,0.6844465781406333,0.5711942644650698,0.020966222529817884
6,1,SpineBase,-0.30902558032278565,0.0026577124298779713,0.5269199381017834,-0.6551036117771537,-0.0729510004796582,-0.13617173850866088,0.01784364911437522,-0.09459595405349097,0.09038191590954081,0.38479822791129953,-0.06709210524904433,0.053882343817560185,0.030268106523308906
6,1,SpineMid,-0.3123126816734859,-0.001000428246521341,0.5538072644173052,0.6198201254085796,0.2894236551777006,-0.1440114707592804,0.019818347889060076,-0.06076585007184816,0.06292031310533677,0.032101582844990983,0.024543651678449033,-0.19672526113173983,0.24227465006513546
6,1,SpineShoulder,-0.311312429298055,-6.497612125494856e-4,-0.1179293249350895,0.04078763777328496,-0.7730326623058054,-0.1270407132586893,0.010165374477555847,-0.03061525712738033,0.03501227757406436,-0.18966399696693859,0.0863848778531493,-0.3438969003932969,0.33140308828946996
6,1,WristLeft,-0.17313753777950197,-5.952116029949706e-4,0.0010843092934281092,0.003087621187054273,3.7591623270667255e-5,0.588819278895424,0.3958543144414861,-0.6311660616825439,-0.25769076348747566,-0.04096458303127207,0.00434790144056349,0.009950416481778107,0.005692769530618753
6,1,WristRight,-0.15803173577307672,-0.00231972128700482,0.008754012468492283,0.005201628386074461,-2.9779705968879366e-4,0.5102928342597561,-0.676151585957315,-0.09990558687805612,0.48843297454747603,-0.048765521602822215,0.07321992093596506,0.032028736576100406,-0.004908903801016181
6,2,ElbowLeft,0.2472380803920079,0.006457519848173915,-0.013214539587989703,0.006697145468060008,3.9149740340831417e-4,0.24573361391745321,0.4536615241173585,-0.0012405985229401997,0.06972181725541961,0.7599648422441672,0.10044943663314493,-0.28246301625200637,-0.011555876449513943
6,2,ElbowRight,0.19519868090773573,9.724559551304362e-4,-0.009979294335446743,3.258572796171512e-6,3.364298067520823e-4,0.5026970012228738,-0.4030054898903485,0.011869209668265749,0.05239369105993971,0.1250051622731503,-0.7237844936983463,0.05156731066481901,0.04054234115901355
6,2,ExplainedVariance,0.649270982161514,0.004592644633400348,0.001775985398841373,5.135577181932178e-4,7.006671381440945e-5,0.12036688508274415,0.06509479612217124,0.05610494431585807,0.034678580463742996,0.026332043112965612,0.020297345479378007,0.012367659723707448,0.00853450907366911
6,2,Head,0.3093527451642881,0.05250216446567129,-0.040296713222354695,0.0013173019713843509,-3.196798330227495e-4,-0.07629674270741504,0.025866521274843624,-0.3440382948204936,-0.13240150447595062,-0.11378287521845423,-0.0717901891372855,-0.07874144212176432,-0.8562916407344299
6,2,HipLeft,0.30896137382614264,-0.6794755383613802,0.3194745255737819,-0.37793920239985923,0.004181043755266036,-0.17131370740421237,-0.0663002165484426,0.3922555809929155,-0.027703307819905883,0.021240056567106178,9.294545345419347e-4,0.028122308345651034,-0.09120022294524756
6,2,HipRight,0.30108406964334605,0.7224689496217542,0.20328144399617468,-0.3227866236424504,0.001744951947468782,-0.18016693545174284,-0.08448553623425357,0.44459382082551296,-0.0318131552143889,-0.007320251775773539,2.2182359089770176e-4,-0.05851511364609628,-0.010866391577341067
6,2,Neck,0.3144626730868297,0.009319479480419763,0.43415492920492343,0.158015026614932,0.5658236953200803,-0.0919202450271521,0.01823677751365034,-0.3851671433189699,-0.14684286446596348,-0.1463561501038939,-0.03640967343468629,-0.24556888378113478,0.32505743931067427
6,2,ShoulderLeft,0.30964748016346555,0.06617393459695052,0.05770735919842594,0.05186136038762766,6.83207190335797e-4,-0.08645069606473416,0.10135494290441698,-0.19950981232010767,0.0011000333120543895,0.1890894744095501,0.064178185060562,0.8876067034211681,0.09191294965634737
6,2,ShoulderRight,0.25617225690067424,-0.0029127830731287517,-0.019629717183197486,0.018309359065964353,6.390127100673987e-4,0.09054989096673324,-0.3016752261560863,-0.11982314210239418,0.8322716748404839,-0.08367580826077407,0.3376350329585577,-0.07874202774615188,-0.014353029915573544
6,2,SpineBase,0.3073552122865836,-0.05994712449195218,-0.11449033767162783,0.8078467665417013,-0.07785646263264089,-0.19668574284482337,-0.0728722713363389,0.4230487401812158,-0.0593325500718155,-0.012775455749197855,-0.016250616354864494,-0.05177997168725284,-0.02362950772194565
6,2,SpineMid,0.3311751080068989,-0.07234366263770588,-0.8045077044747934,-0.26156813352143427,0.2774630800783034,-0.171901581377748,-0.015379157224904835,-0.014776575912886131,-0.10470679829914768,-0.06346372117750065,-0.022416802010851333,-0.06713698767218829,0.20602689503650318
6,2,SpineShoulder,0.321082395240744,-0.015120369955463021,0.042820943046616995,-0.06233898595391586,-0.7725115328586015,-0.11070033893446793,0.014598655351806322,-0.32714379407139177,-0.13831797996163658,-0.12785839597066453,-0.033358282810454803,-0.19814704641136377,0.31438545025809483
6,2,WristLeft,0.16931952666186265,-0.003012047216868037,-0.006940287942127843,-0.0027021116236615192,-1.3908564489591374e-4,0.398812340569334,0.6548071023726783,0.19040883274154502,0.16782068210736104,-0.54800236872276,-0.11506744604617139,0.07152379816772048,0.018990547834405243
6,2,WristRight,0.15054299338730953,-0.003633069834389843,-0.016917274393057204,0.001687781029948346,-5.465764725387321e-4,0.5963366430389664,-0.2888416523628804,0.07060084914508183,-0.44391933180251436,-0.09140057199382978,0.57125245387651,0.03498384771153973,-0.005587591779363717
7,1,ElbowLeft,-0.1983096834975791,-1.1599900896311841e-4,0.003254192800984506,4.3687760219363796e-4,-1.470113056051333e-4,-0.41371815839619036,0.49200815843724455,-0.015926026207364892,-0.6695395084073378,0.2754431537726369,-0.12255894037377961,0.08644799524232362,0.022979095681792173
7,1,ElbowRight,-0.2123581921389993,-0.008782293777079325,0.017415895278906416,0.00569072595510715,4.3462752191125714e-4,-0.38201149067203105,-0.5024398623258167,-0.05029490497385547,-0.32310823059565236,-0.6493220118051803,-0.12967933767291065,-0.09450410963915473,0.042626870621574754
7,1,ExplainedVariance,0.7107162660991815,0.0018599366571286136,9.038345831466608e-4,1.2888891969824702e-4,1.7923918899764108e-5,0.14555764584694972,0.06503243009496013,0.02790411238144439,0.01603111340297739,0.012483252925272696,0.008528581336141117,0.006028961435294603,0.004807052398905206
7,1,Head,-0.30891481474559923,-0.05625245266463795,0.07948510759980922,0.0026608465638123116,0.003536501148139731,0.09437384267254761,0.012077538232838234,-0.3803850447667141,0.11086473505246332,0.07477253293469271,-0.01214535227000741,-0.02169083489055288,0.8501910579819615
7,1,HipLeft,-0.3103494955242669,-0.6954062777473204,-0.20107239949821495,-0.38275353431466097,-0.001046201432357512,0.107506776803143,0.009005711513118644,0.45220780552289247,0.027214239272368046,0.014020075334982812,-0.06770547672602069,-0.0981880631406802,0.043232084865312125
7,1,HipRight,-0.31126108695616916,0.7008575048488912,-0.13228956171757306,-0.4108227140849305,8.301935929468617e-4,0.10865053858842579,0.0038196180813558495,0.4337580825662099,0.02448757231411321,-0.02702153102367766,-0.020778461687238386,0.08388107564832002,0.12990606993842194
7,1,Neck,-0.313376686759624,0.057995741470778656,-0.43885808181486413,0.06346652040036935,-0.5805075118831643,0.10926308050500494,-0.0028665047739547395,-0.3482051282172129,0.10952661734987304,0.06774932783560048,-0.37766045345928445,-0.06190529327712924,-0.2618758788570883
7,1,ShoulderLeft,-0.31116284085518303,0.07257390552413479,-0.030378462821843782,0.02571657229821711,0.0016462998694189309,0.08304556598454951,0.05845106921658033,-0.13380963014841338,-0.11026767578300727,0.02352596715761182,0.6480956614074294,-0.6375145738118162,-0.17011893209418688
7,1,ShoulderRight,-0.31111764859735486,-0.1048596943874149,-0.09750776254184304,0.01100961319799767,0.0014629639908464167,0.09679988964574311,-0.04701689953156356,-0.17364846954371818,-0.042230369735135144,-0.10395189764887038,0.500115692688437,0.7437775516386579,-0.15790625580528184
7,1,SpineBase,-0.3114334588701654,0.019618109713184957,-0.02518249824699604,0.8180077729718402,0.048163268422106324,0.12025399611631557,0.009117022750574896,0.45225365877994694,0.030444103665558307,-0.0026029202688055697,-0.07183992004048241,0.01249075268559256,0.07215003784067159
7,1,SpineMid,-0.32043362865480673,-0.026967873387754523,0.853612214055195,-0.09749663610664924,-0.24914078458249628,0.1382344798806398,0.011041725699703298,8.924590504072252e-4,0.05445986443638571,0.02298778501664156,-0.1537903993831451,0.021383090111953645,-0.22255327599550231
7,1,SpineShoulder,-0.3162080183907305,0.032224459473420196,-0.053091833928159776,-0.03486697006224754,0.7736929212510244,0.11863310059265883,9.415502745748899e-4,-0.28661232090903577,0.09743489619398643,0.058781471054875356,-0.3307304539294526,-0.04044104730073541,-0.2759540453101765
7,1,WristLeft,-0.12849893489313574,-0.004928497387759266,0.007081218065595224,0.0033402155933092547,3.2985389328312386e-4,-0.5431023200716985,0.48702570699569236,0.014936412639088318,0.5856722199341002,-0.3208650913359725,0.06120457180508769,-0.008816376305362292,-0.03514220035390994
7,1,WristRight,-0.13769234483331663,0.012903898582724015,0.015927620551149286,0.0022467781136916417,2.8331720440076855e-5,-0.5289862895888607,-0.5120598585514365,0.06063432756205905,0.2266053831394707,0.6108191348372558,0.09103343094219588,0.025684406617559975,-0.038864704161181235
7,2,ElbowLeft,-0.24821976456007247,0.04118270351691194,0.005742063035678043,0.003754046599841361,1.7985172473161125e-4,-0.27930050576512894,-0.4327631590014194,-0.3150525550853478,0.47435726019149593,0.586508304925652,0.04112749584543771,0.03271350535977105,0.018015375278455488
7,2,ElbowRight,-0.22787987665414489,-0.008290937132374606,0.005363090646489221,0.002869031152793638,2.1789123140214823e-4,-0.3610453449305645,0.5062711945772467,-0.20310610596111586,0.5526497037513828,-0.45552070597596306,0.08319108791118147,-0.014073358905237601,0.0030002697360028184
7,2,ExplainedVariance,0.7561477997296306,0.00257157909168632,7.589478135757166e-4,3.1348365576058443e-4,1.1433571497599626e-5,0.11952592640442895,0.04316024568918451,0.024800411053899324,0.021461506167805254,0.01632044953735065,0.006978267073023513,0.004739862988918537,0.003210087223238418
7,2,Head,-0.2986095640088206,-0.05067618084254158,0.09183416293492919,0.023882522611811244,-0.005620103277357574,0.07541838235652325,0.041082650757005984,-0.3434623150690148,-0.3229951446475489,-0.04918276738741639,0.405012167441118,0.7092237324117017,0.010427565410425886
7,2,HipLeft,-0.30229224039344316,0.06467754449040411,-0.3187476025963264,0.2550784598729913,-0.005989991678304135,0.12238294438144699,-0.036813430627797766,0.3832479859026618,0.1261150598118303,0.012167100410509335,0.14785169868662856,0.06926711527278842,-0.7292546500566404
7,2,HipRight,-0.29953228112850155,-0.11735081285928152,-0.35425534631790967,0.2570688479121814,-0.004164433948413462,0.12472237251638757,-0.04436687777290452,0.4429075192325468,0.1615019225202974,-0.010465208215847482,-0.046092552490846206,0.19604839516502806,0.6515117535137601
7,2,Neck,-0.3082111277756403,0.33010965400215664,-0.40833258117627447,-0.28265139411417173,0.5680308142115736,0.12837420597066582,0.03294578279562091,-0.22586995166851495,-0.1903500069335985,-0.02283912919906228,0.11089328645135449,-0.3171885299380305,0.0922169822507884
7,2,ShoulderLeft,-0.3083297149570943,-0.8587341980126932,-0.009265716599520874,-0.04669028528037592,0.0031143728427720633,0.11988534129152634,0.013460695406533635,-0.15415386822343521,-0.11555627723062653,0.028167391621888277,0.0030721154109399386,-0.3279276641423052,-0.0722708935141555
7,2,ShoulderRight,-0.3024019169721995,0.07514552434948238,0.008148494932310433,-0.021622820627522413,0.0012090052390838887,0.08883258816718034,0.06504303238065218,-0.17441393912011993,-0.07174168227197553,-0.02688822444574543,-0.8805053361834826,0.25020178114952013,-0.12676101087627584
7,2,SpineBase,-0.303074049450389,0.040069535624415946,0.39083490964271167,-0.7231885109972518,-0.050411038325042463,0.13589091719434232,-0.03653105132797155,0.4207965579032193,0.1486180368095277,0.004907122400758551,0.06481058439436292,0.07110507407112174,-0.0027174789627022323
7,2,SpineMid,-0.31089774840013773,0.18405669224284885,0.660418815838473,0.5123525633869088,0.2693662584614023,0.15557271604409587,0.010030403692893958,0.057711580042641646,-0.036880137505216556,-0.00318851588259203,0.0435275338331176,-0.25043222752280137,0.06807362157299576
7,2,SpineShoulder,-0.30950059870851443,0.30010287077750825,-0.09137035524940743,0.01418699415699606,-0.7759801714705974,0.1377532650624203,0.03002491372914702,-0.17666973940335684,-0.16138714086308348,-0.018102380514094102,0.08692867923369575,-0.3313708037565912,0.09287756801578534
7,2,WristLeft,-0.16583948824782718,-0.005909845501978482,0.016001678510248935,0.0025744281334881673,1.0885251653759963e-4,-0.543975705863202,-0.5903700789165504,0.10509367104351797,-0.25095674212848795,-0.4989496933550187,-0.04126358166184719,-0.054655243869500075,-0.009412996552404587
7,2,WristRight,-0.15125136319281976,0.009488026596588487,0.0032534853335978416,0.0019692163090435193,-5.028447644321599e-4,-0.5992644626630235,0.44161457156830247,0.2657427847541918,-0.39502397839457715,0.44100073424744213,-0.020433442831883527,-0.03447423509426041,0.011231357226157332
8,1,ElbowLeft,0.1594681783649564,0.0034464666609400896,0.002850336621412898,-0.002086254827186987,-1.8060777181851787e-4,-0.5181296681160255,-0.4530048775700349,0.0489021129664773,-0.09915255641914329,0.4295577467175897,-0.5513906637930778,-0.008971908412454734,-0.004367751613985383
8,1,ElbowRight,0.22574655148546763,-0.013979467621575516,0.028041989455239284,-0.0075453872934798435,-3.036331244624272e-4,-0.3134483118712964,0.4748797752023163,-0.04245898676825517,-0.17836441097182948,0.6050337960276003,0.47016899077189445,-0.055558651938075514,0.020270149191778348
8,1,ExplainedVariance,0.6829040917003314,0.0039310875190363545,0.0013059739545244128,6.432504167728072e-4,1.0732600023109554e-5,0.1279755876951727,0.06883834470807616,0.03150116191591121,0.02724963073912599,0.022742357023316416,0.021490383609762513,0.006659102971414403,0.004748295146532524
8,1,Head,0.3144220085013194,-0.17566702286172642,0.12860500291015753,-0.05682197952484832,-0.0015533331974125083,0.10229667185685895,-0.002682690369651311,-0.19435684266161943,-0.3228048946103966,-0.1383238539456375,-0.059135685773428315,-0.3058926796835413,-0.7627969999374342
8,1,HipLeft,0.3151912368127123,-0.6930272140019639,-0.3923331451447626,-0.17175977294904668,-1.5385059987817147e-4,0.10315113732236604,-0.047825988079077064,0.08853998245837395,0.42340673267966344,0.07330950120745766,0.018328862342101043,-0.14967826249153887,0.09373974809593934
8,1,HipRight,0.31269058136297023,0.6470834765472263,-0.3060416813531329,-0.23037900724931357,-0.0015034088544843994,0.10842057553745962,-0.02787203654579079,0.06388291017579313,0.4651412385522889,0.1189583562452125,0.031104821579410413,0.04373737888412117,-0.29456491367499127
8,1,Neck,0.32176167836667247,0.166117182124277,-0.37071164642397925,0.352539617532952,0.5788790970971776,0.11223493693285203,-0.008907391827563726,-0.18419963957054278,-0.27773331775122867,-0.10892093485322626,-0.057568222629322624,-0.2153577883842219,0.29455732095602905
8,1,ShoulderLeft,0.26539659338398625,0.027587590577327258,0.042202040993283806,0.014025060071348556,-4.971263737698508e-4,0.006512287647029116,-0.11214588089511322,0.8843313521684589,-0.27958539545321676,-0.15787861955610755,0.1683343921968756,0.02568123575265103,0.008655466925354143
8,1,ShoulderRight,0.3160792388839634,-0.1392399258810366,-0.07798314251202462,0.02022980095500426,7.459329020427062e-4,0.10750479230307669,0.012171954146983202,-0.1662435986713704,-0.18091048235649376,-0.0240449650353467,-0.035862216577103256,0.8918775969283875,-0.06952773276090976
8,1,SpineBase,0.31786190962994787,-0.018772923342300612,0.5186380378416839,0.6517164081368854,-0.04370332367763839,0.13114882027456337,-0.042049386730466945,0.012773014893625713,0.4191010007006863,0.08996897130981182,-6.159721499942872e-4,-0.01046765373892318,-6.185849638776653e-4
8,1,SpineMid,0.32547977824144464,0.04813252419604471,0.5506902227673707,-0.6026369725882482,0.24506955743397427,0.14576194546534382,-0.03350986690770903,-0.12020697383512549,-0.0018243056085170926,-0.03775895864440029,-0.05144650592604039,-0.06213406219797647,0.3471317037047056
8,1,SpineShoulder,0.32339087338305333,0.139178439721372,-0.13145801468552212,0.03654884324646651,-0.7764819359669848,0.12227084997181217,-0.015079134440660613,-0.1765256107549396,-0.2314978092352891,-0.09832740168851468,-0.059025395207848164,-0.17815422161439257,0.3311875761796951
8,1,WristLeft,0.13737926386585225,0.009071231257020251,0.012816778268938,-0.0014280956810999927,1.2654911466198756e-4,-0.5791138983357782,-0.36895655532270144,-0.21886405189443436,0.12763529021534942,-0.4324092973353075,0.5074588715152745,0.02348720760125445,0.01184408047393672
8,1,WristRight,0.1527293889552181,0.008013132813117704,0.009967215150240537,-6.977660866041174e-4,-2.9060265792226175e-4,-0.4329734613907179,0.6435470680553708,0.09395141359782803,0.15798386865343536,-0.4089273331950767,-0.41656533360654247,0.014174947827350449,0.012482734511372925
8,2,ElbowLeft,-0.2476119753454279,0.03787001699066477,0.011620623983283384,-0.0030677417235789885,9.006306209654575e-4,0.2511538926594863,0.4548524189424032,0.22933836015992382,-0.20893244482326298,0.5832163974214747,-0.4767963951909977,0.02289657240920625,-0.05376465315764196
8,2,ElbowRight,-0.21497949032513264,0.0036516658002661486,0.01177306930460629,4.756500604919964e-4,8.251416417639449e-4,0.42462674335493117,-0.4733494923304586,0.09728785947812073,-0.13361744889485738,0.4625502458166552,0.554924737058353,-0.006862514461251157,0.0018763507364372607
8,2,ExplainedVariance,0.7124938013814367,0.003567023958341216,0.0014129377542256402,5.294243063620822e-4,1.9064262967792658e-5,0.11397988377337691,0.052069429672567544,0.033670491768782486,0.026891756697662958,0.023074396845821257,0.0196139611313146,0.007499181884647773,0.005178646562493008
8,2,Head,-0.30928234228730317,-0.4347634560288009,0.14984389715982319,0.027486311765001475,0.002113914652333276,-0.11786351763856287,-0.00809317150966729,0.21907318379100338,-0.17623221984527424,-0.2158660417128157,0.06598814008617127,0.10474033200699957,-0.732926140505754
8,2,HipLeft,-0.30277452731716176,-0.06001758629976627,-0.26489334469133397,0.35786185777955454,-0.001298044839554169,-0.09542361384044906,0.03219871686399578,-0.43457505764018073,0.058014052493506205,0.09688625807789403,-0.009786687557378881,-0.6903671649075654,-0.13430232168909584
8,2,HipRight,-0.3006785686035002,-0.10581146600639868,-0.2195424595712798,0.3263567434496943,4.8320455329173945e-4,-0.09275929996785094,-0.00963339927293562,-0.4499616526980653,0.1331292081586401,0.11540181445226305,-0.02542574836776268,0.7042405166855245,0.06988394044100495
8,2,Neck,-0.3138595184908328,0.35435615448415553,-0.5141540037767506,-0.18210733826709688,-0.5780952944396247,-0.14429108942739033,-0.012060730247622359,0.23636609922910748,-0.17098267749222318,-0.18221810315383827,0.057856861912481405,0.03905182691444936,0.008187758309572387
8,2,ShoulderLeft,-0.31074570195310386,-0.6123699067056827,0.013503013754461621,-0.03695840825768292,0.002172324068835283,-0.1320960887660783,0.02215171110007544,0.20428788575210122,-0.17567428022161521,-0.11720145782595984,0.01952602501000883,-0.10050266662942002,0.6419765809034178
8,2,ShoulderRight,-0.26380341681178354,3.7418590521486267e-4,0.028426812582539446,-0.020388718388558297,4.269555475680792e-4,-0.07532398822365595,-0.22400699837223495,0.3693960157670231,0.8313000916565447,0.09813691696898039,-0.1832041500964154,-0.04995760732096963,-0.011277254666684555
8,2,SpineBase,-0.30851942986094194,0.019364779783225126,0.19106680128934256,-0.795851707924263,0.05567848862165241,-0.1158524648330465,0.01783393881138623,-0.4519961816131195,0.057989110628532944,0.09066689029821098,-0.0018292797172984598,-0.026874914536738827,-0.033241369231564524
8,2,SpineMid,-0.31780238403033656,0.37542852005087873,0.7292439604621661,0.3094466494712841,-0.2552454249385901,-0.1640677265036604,0.0011375265201858664,-0.03171093226197311,-0.10020836101129879,-0.08305838947928293,0.03555874274947418,-0.016843651205632266,0.1376125750885429
8,2,SpineShoulder,-0.3153403040909524,0.3904005083717409,-0.158277190992646,0.023752112737836926,0.773008789452687,-0.1539253115910576,-0.0101574518415245,0.19662977868043038,-0.16436543419664784,-0.17040785411361678,0.05468035070217539,0.023978276157695218,0.05394755450315129
8,2,WristLeft,-0.16917123859130784,0.014737491656175647,0.009999297903134955,1.221046774441097e-4,3.2618856261548414e-4,0.5128283312386857,0.6005403089261121,-0.019671262004545262,0.2894396138377643,-0.3236082668058393,0.3968408912214917,0.005707669161856483,0.03197501766601052
8,2,WristRight,-0.16072524551483997,0.0147797703885274,0.010300513515927475,-0.003870150066960744,-1.849596094534495e-4,0.5950152760357953,-0.3949278431141765,-0.142171410819213,-0.10485556485236189,-0.41370572714440534,-0.510484284071468,-0.012707849856388282,0.02647903075174648
9,1,ElbowLeft,0.23387684301611494,0.010363809054921598,-0.004044397358434962,0.004345946895356296,-3.464583070783294e-4,0.3769080158834722,0.4455810471944315,-0.049739943262106595,0.6408513773217682,-0.31223789451488965,0.30014970611317626,-0.06161127606337185,-0.0037254944394370672
9,1,ElbowRight,0.2418210542399436,-0.018675641730520862,-0.019480061207047036,-0.0031440177494378605,-4.034566554417993e-4,0.349809328748776,-0.448359830411812,-0.016540977626125195,0.35133345056993714,0.6705789410870602,0.025855766696691485,0.20789236132169991,0.010886022648779687
9,1,ExplainedVariance,0.7506939384135285,0.002091661488438871,0.0011294344913570463,2.2338559250289296e-4,2.7407614021408002e-5,0.11099508483633119,0.05558771748691072,0.02883779020470798,0.016396680480710173,0.013236431317670803,0.010396890844837456,0.0063681224996856075,0.004015454729297396
9,1,Head,0.30017603170156887,-0.018258713785180982,-0.13812374530148067,0.005715351534230389,-0.009611774840481053,-0.11181413000006601,0.01916833479437706,0.415733779592094,-0.045448622304527925,-0.011046202458822929,0.03401829121963134,-0.03672141753032811,0.8366361492109265
9,1,HipLeft,0.30197170790307104,-0.6865612382295666,0.20593168113541513,0.38795918867381873,-0.0017201770675668113,-0.13015392211726623,-0.010341914963274426,-0.41752780830857567,-0.10616624034795591,-0.06408852696600725,0.08634746085126782,0.14615764096111783,0.09460753755534658
9,1,HipRight,0.3026230263757586,0.7185355524736402,0.14815392270621067,0.3903241848864038,-0.0029801563458077703,-0.12947437635391856,-0.021561895843575554,-0.40762058266000223,-0.10871953757074229,0.0060202484892157015,0.10593137771328173,0.01687142149166597,0.10521015400008758
9,1,Neck,0.3005525670968044,0.030932589092522847,0.4053212465394387,-0.06664311255638046,0.6007652272613485,-0.1463101809729652,0.016967606562610038,0.42713667002387024,-0.09774704265305754,-0.009824261292129322,0.23527624937023467,0.18992790070677862,-0.27174809780353254
9,1,ShoulderLeft,0.2971392063646471,0.05229182947824974,0.037163407687825126,-0.028044811090463414,-0.0015914611755226975,-0.09714202448578503,0.07159988531356253,0.03802682196848112,0.23090508386709163,-0.18857972589296007,-0.8370978919749299,0.30911813548143463,-0.07502109482674482
9,1,ShoulderRight,0.30431755739546995,-0.07841357667468016,0.1632794363233867,-0.005478740012428294,-5.308012338327699e-4,-0.11081251400800693,-0.049185128050862476,0.03549840548024215,0.08059520489141929,0.1578817579362222,-0.20336503492595906,-0.8755069823084677,-0.13892762745455223
9,1,SpineBase,0.30358094455731105,0.008328446319624731,0.00437745655060273,-0.8222154651264534,-0.03173522146808008,-0.1389000484128212,-0.013421472740577575,-0.4176121318514799,-0.11020111653927461,-0.025637993287005528,0.12148237429503915,0.05683879856491574,0.07772533988926933
9,1,SpineMid,0.3106983310266112,-0.03490473701603167,-0.8472807713812802,0.12464366897437087,0.21936166438304144,-0.16846329193855175,0.009111338642019129,8.55572940512206e-4,-0.07096473133245347,-0.0015784073468851079,0.08868936784653814,-0.009709543118486583,-0.2815061704035353
9,1,SpineShoulder,0.30454413895173355,0.012817540767456559,0.07538879458604225,0.01505371639238008,-0.7680149466707634,-0.1549900609721213,0.015882207058554698,0.3488615585015914,-0.0916652391094373,-0.0069448894735383015,0.2051410965832746,0.14338642090360665,-0.3070174291203854
9,1,WristLeft,0.1732516707395557,-0.008681565607171648,-0.004559751821548074,-0.0032179708052536516,-4.40008495425415e-4,0.5434882256587664,0.5293026482767118,0.0056197516009619695,-0.5314045680437648,0.2905608181627014,-0.16397786849957588,0.00715538699564594,-0.02341959230892
9,1,WristRight,0.17680524732232397,0.013544190960802182,-0.01529128782391235,-0.002035626899957863,4.298947115553593e-5,0.5283659659674091,-0.5576570512160797,0.05143193898669341,-0.25174728132371316,-0.5503150756635804,-0.01914509169570538,-0.08896492933885508,-0.0318841002038674
9,2,ElbowLeft,0.22381357027510954,0.004305364463854807,0.018252521241289125,-0.0037574915855732977,-2.522760398215415e-4,0.3116673560383048,-0.5000303767428829,0.10648775665894566,0.04092859232331472,0.48300920834847194,-0.5927992117505737,0.029187261548532562,0.0616376927543627
9,2,ElbowRight,0.1850730894064586,-0.0030295514079809152,-0.0019268811439033546,-5.85651719959511e-4,-1.6862963249710146e-4,0.4692738294111428,0.4568756671772442,0.04652262046286157,-0.5972141236603713,0.37062024030366525,0.20125992081351504,0.006584908571220115,0.00663655697446924
9,2,ExplainedVariance,0.6907772963778598,0.0033721412240763486,0.0013984580992511683,6.044698632724231e-4,2.4339309236120287e-5,0.11211874098102424,0.07693577663023236,0.038083845284164745,0.024326274469847007,0.02177564985551666,0.01882148423229272,0.00641921063347106,0.005342313039755365
9,2,Head,0.3100225051193724,0.0025789633245914896,0.0680927091321461,-0.022108368802722458,-0.0018156106951568649,-0.10048952728535337,0.03326488787231255,0.29126544133104526,0.1650066289196698,0.04918365645751335,0.17953233405195684,0.8593807456539538,-0.04792809221738206
9,2,HipLeft,0.30830481332486415,-0.7030563123403609,-0.35103393280600864,-0.2358375717073844,-0.0025119771628953425,-0.11572440235776524,-0.004188864705731793,-0.45107213019521486,-0.04054823668259855,0.004121918165283331,-0.04166838182923867,0.06356591538865254,-0.08657766248525164
9,2,HipRight,0.30763490560615436,0.6976331255391727,-0.3452917842295014,-0.22807685464101868,0.001372730821659772,-0.11673680392523864,0.0016094904162310963,-0.452598949480864,-0.08157146315969456,-0.04798034206645626,-0.06277465095059266,0.08487330956027261,0.09404999472687565
9,2,Neck,0.3172905022555165,-0.037608924602458065,-0.35674869103935064,0.3075032839761154,0.5665823814814704,-0.12137006045437168,0.024151946051733902,0.28494702848410347,0.14896019038964411,0.07275983077887746,0.17106102999101627,-0.2358560721326449,0.38234395718393194
9,2,ShoulderLeft,0.3161512302348705,0.1212905486379537,-0.10052369389502892,0.03894772587314216,0.0036974389413684085,-0.10059236536951724,5.143471661123028e-4,0.2166008208358768,0.10737831948276003,0.09065605246630976,0.08225262826424999,-0.2806627023795384,-0.843433884886581
9,2,ShoulderRight,0.2823604309284026,-0.04529685403575304,0.026171457165089982,0.011726016056492492,3.365860190091951e-4,-0.03907017657440871,0.07015257628443682,0.31824089502543257,-0.42111029654300114,-0.6432599031025146,-0.467229684612892,-0.0024868945437951546,0.01568905995045629
9,2,SpineBase,0.31170418844077014,-0.006018332165621858,0.42950503672269386,0.709073573548871,-0.06316881267522353,-0.12939604555911344,0.0040308548170201325,-0.4380390225755562,-0.04335725264821699,0.004377129944219786,-0.023640906519800206,0.017118565514812924,-0.012858940475242834
9,2,SpineMid,0.32491985292996295,-0.008260213039022335,0.6520580759368588,-0.5407236123230034,0.27081230942297474,-0.14713121510092345,0.024457083165805957,-0.02325067959954117,0.06432125522145171,0.053508234771620936,0.09425191387210453,-0.22047403378532146,0.12719621228536243
9,2,SpineShoulder,0.32021392537608395,-0.02580149498934859,-0.06801246717781823,-0.021314231953124787,-0.7756477204349193,-0.12959797075085477,0.025959921457570395,0.2367700899656131,0.13499924535756397,0.07108608790275107,0.15971555824134628,-0.2540822932691809,0.3212684546846381
9,2,WristLeft,0.15107645243790413,-0.0037833594168445598,0.011277851168426858,-0.003987593199887793,5.3925660017887786e-5,0.48373519410516047,-0.5932186844264651,-0.05859773735136302,-0.08786154532842885,-0.36112228362306364,0.49885018844186446,-0.023450077741593696,-0.012094877150666573
9,2,WristRight,0.1463032809987411,0.004833492964198365,0.010416044202344793,-0.0028455183234900776,2.067745659977369e-4,0.5744262102995685,0.42591768039248773,-0.10976351316406456,0.6025945932781184,-0.24282496739534656,-0.17899981620596456,-0.030165970821180558,9.244455681127178e-4
10,1,ElbowLeft,0.18139062389235233,0.003750137992062375,-0.0029669545206868855,-0.001425438028261497,3.660252033674246e-4,0.4357937864262229,-0.5330795479777073,0.013494677714564708,-0.3330296946979107,0.5708845204432708,-0.2277724984263937,-0.03927359227662256,0.05059283500017542
10,1,ElbowRight,0.22145320894160025,-0.013283018491477581,0.029046196474800005,-0.005150358836161701,-4.740772215820864e-4,0.3634889292394777,0.5068026832734437,-0.042677515856055274,-0.2993924524193045,0.18960809759549824,0.49634019021651427,0.4140910252111761,-0.12531975326225198
10,1,ExplainedVariance,0.6551642593808799,0.0045280757134917565,0.00280140741741707,2.7018417506033133e-4,5.280616263488435e-5,0.13668827481190748,0.06919233111475939,0.05025550896938523,0.0247570195836844,0.01880535870221796,0.01573733295868554,0.011251644886386173,0.010495796123489914
10,1,Head,0.3045990629467984,0.021158500129532815,0.17385830020664275,-0.012911003959447552,-0.007868293440973607,-0.058550508364112325,0.015356587305499145,0.3850987019231902,0.12062744574947112,-0.07183021345405712,-0.15520768573919602,0.41892417895491935,0.7106714891029352
10,1,HipLeft,0.3105775868711527,-0.682183091898246,-0.19706788099605774,0.4118497175267145,0.003620373547011976,-0.12164890582410669,-0.03272137384757526,-0.4129385537111499,0.14463473635507684,0.039298964238799666,-0.0657637122607791,0.11685502911770666,0.05355158300941976
10,1,HipRight,0.311664367219729,0.7251321741139516,-0.08400000847944337,0.40622204320170574,0.003898317957415651,-0.11935685530124689,-0.02268956436256922,-0.40697139232387336,0.13248700282358583,0.04856908888569807,-0.017022010287826017,0.06029967528921898,0.027146900097454907
10,1,Neck,0.3089232558127218,0.028982327810684303,-0.4230875093430679,-0.0426806219318792,0.6155377433868765,-0.1355746537630641,0.029171207569125154,0.430264078271727,0.16518535586363112,0.12522180389720877,-0.04816094100392097,0.020272962776562355,-0.30652775199335247
10,1,ShoulderLeft,0.29518973506187773,0.01183070884860839,-0.02794339872385307,-0.01964811862550676,-0.0020450038284932745,-0.043016251788436516,-0.13078511052821212,-0.006730929750037336,-0.6190025304058938,-0.6204639238591221,-0.25809312904421833,0.12515228027908418,-0.20527243374663479
10,1,ShoulderRight,0.31293744122907574,-0.0240419514793911,-0.16318578582611853,-0.02320056189258383,-0.0014365416421086182,-0.09296828717253372,0.03701689798682785,0.055296321723874456,-0.2461865559416781,-0.04743909160203624,0.4348601766364061,-0.6726040318154256,0.39609762823922184
10,1,SpineBase,0.31306784822250006,0.009191399325229608,-0.05776411867632484,-0.8106152084530449,-0.046424278813082365,-0.13686257545972874,-0.03351341353581953,-0.42394993260086955,0.16416878739521823,0.0663611841461427,-0.04000706493442392,0.08211631233882018,0.0053110290126672614
10,1,SpineMid,0.32567716665586693,-0.080584914571371985,0.8355614380762884,0.06331407654434666,0.19974676684549764,-0.1706551648218177,-0.016617281628058533,0.03727851769191921,0.07226368874143829,0.08621057789534638,0.045690620816474986,-0.18078792309516828,-0.2591425805978632
10,1,SpineShoulder,0.3146153282499957,0.0020044161729599157,-0.12220407215111657,0.035829921690921945,-0.7608955568743648,-0.1470071665160746,0.020260805538193025,0.37565729468406905,0.14458829400068937,0.12318220103588859,-0.02353700093322847,-0.03859911699806899,-0.32337283215907103
10,1,WristLeft,0.14811144873753812,-0.005279256228943854,0.008747354326219757,-9.477616876771241e-4,-2.3378286801309524e-4,0.5460145173112044,-0.40444650015695993,0.03755676778100171,0.4418300866816618,-0.4371152193443977,0.3479463055807273,0.01640172589147107,-0.08496549313164257
10,1,WristRight,0.16181753033797544,0.0017663559397966076,0.010277134864012332,-0.005647084775767412,-6.167387359567939e-4,0.49901442841177773,0.5219609146807169,-0.04085629728838074,0.16456367110161377,-0.08994776574967112,-0.5382548944147408,-0.3529037420862916,0.03339250263991921
10,2,ElbowLeft,0.27226955413085097,-0.006598299638483106,0.009902338540495824,0.0053229549477733454,-3.670348067889108e-4,-0.14823955555853732,-0.3777913258668017,0.14419418969733513,-0.8527194421641463,0.011585600172914616,0.09606176872921561,-0.057963191773926455,0.018808062095997585
10,2,ElbowRight,0.2489116538207743,-0.0010173473621700982,2.2949163432435396e-4,-1.1762417819276305e-4,3.0017947640934657e-5,-0.3893478734009823,0.3933913000929182,0.7804500744402086,0.10166820670427801,-0.10959036270454199,-0.015610120325070725,-6.442712804314542e-4,7.233221985595249e-4
10,2,ExplainedVariance,0.865589884230598,2.413477242973644e-4,1.176418841344452e-4,3.000246796467582e-5,2.8066985504987476e-6,0.07002333119145918,0.03658951842574781,0.011322548860622809,0.007877864273458322,0.0031282662016113407,0.0028268105138342645,0.0014173835071230908,8.325940205981695e-4
10,2,Head,0.2935957109682316,0.036007953520739586,0.028506304422102797,-0.004738745587825231,-0.0018442621746662827,0.13071369441445696,0.024609226327781897,-0.05556507809408043,0.04022271775974609,-0.007696011181282065,-0.37538406750744596,-0.19542980434392354,0.8426768392283219
10,2,HipLeft,0.29343682599026044,0.7382951359207345,-0.14214396664774576,-0.3265079225466083,-4.843371392805939e-4,0.14787644576448022,0.029657198110559557,-0.06094706840704908,0.07924536203219996,-0.17943155060321436,0.4194635523462742,0.01928735984867355,0.02727334952898873
10,2,HipRight,0.29369128846942916,-0.6525562073877497,-0.36292974327574895,-0.3939569360748443,-0.0014908193923475943,0.1481309721993796,0.0320905141589187,-0.05846007914726681,0.08882815404926232,-0.12548934206768228,0.37920872733753264,-0.06273358711074531,0.05683827984737688
10,2,Neck,0.2939505341841237,0.07758068342362145,-0.40502641778862225,0.12889967488831808,0.554524416518119,0.13731973090339528,0.025784923167318632,-0.052927366339265564,0.00892669245183872,-0.039131151797550424,-0.4173977134202351,-0.29073092833076697,-0.3697787630506317
10,2,ShoulderLeft,0.292489954960069,-0.04701191398871322,-0.028781511118431056,0.00670669325644189,-7.615237899351254e-4,0.14227140910096314,0.00992151766916717,-0.0492333764468979,-0.0389510241836923,-0.15721288904157169,-0.2820226892940068,0.8836446484155207,-0.04476961830115883
10,2,ShoulderRight,0.2907954346833481,0.02469532974222842,0.011892088114478498,0.011422684560385574,2.3981214411057414e-4,0.100103690793577,0.07324749178828843,0.04461409473071473,0.06897414691797016,0.9319519694889794,0.11582242392254313,0.09476204257813119,-0.03864262513541493
10,2,SpineBase,0.2934751946273112,-0.06074982654415662,0.038366553550572856,0.8233204419114905,-0.05900416312299541,0.15354614834736158,0.03561348537068236,-0.06268217910324556,0.09232154175149934,-0.1684999457501749,0.3990040952448062,-0.030612097407658967,0.0392564903945084
10,2,SpineMid,0.29413000888980717,-0.1223988663587715,0.8248325976961712,-0.2036318663755966,0.28820965785178954,0.15785467017108173,0.03932776822767298,-0.058028967900695616,0.05380788131904085,-0.11533319615498394,0.021935856044901256,-0.12445713848639646,-0.17783860825894593
10,2,SpineShoulder,0.2941908034604594,0.015315080537022222,0.01469562763512652,-0.045013741913706724,-0.7784276858145478,0.14416672361729593,0.030415426327852838,-0.054003774082166,0.01932171991583763,-0.05700658820878644,-0.31928787505930867,-0.25110881983547406,-0.3343296913243625
10,2,WristLeft,0.22072755179225867,-4.8301319593144806e-5,0.009809286649816592,-5.798839062292128e-4,-2.1940491813169714e-4,-0.4358780999721681,-0.7337598000001048,0.020363516594080894,0.4698672478827468,0.0010667455129868726,-0.030801613718861372,0.01691605831808007,-0.019069427970331825
10,2,WristRight,0.2023012237537318,-0.0020551059846737694,0.004146003649340259,-2.48385940184682e-4,-1.7800946843869012e-4,-0.6761287448018471,0.3895253583709375,-0.584844395570584,-0.0884509898103369,0.0112588411412268,0.010719760222504652,0.006235812307741977,-0.005051689780748074
11,1,ElbowLeft,-0.20030588080101272,-0.0029056888948893944,0.0017722240200145438,0.001065807225553274,1.8544485769950858e-4,-0.5107803725318725,0.40481118301083124,0.7150561215611514,-9.77805158745329e-4,0.10429900663973424,0.11355294926114762,0.0038336648848575836,-0.0016284894663364995
11,1,ElbowRight,-0.2724172383590554,0.017049968159419324,0.01571899111108359,0.002287191424887332,-1.3792892258756523e-5,-0.12622153117666246,-0.37002118676014334,0.04930729136946649,0.4742347358662314,0.5209054966127922,-0.5097658751639608,-0.11713777923508338,0.011976570405613155
11,1,ExplainedVariance,0.7809153603854325,0.001724089233085315,5.415701076231911e-4,1.9513250244074964e-4,9.554267015872685e-6,0.09316920375303893,0.05353416341435498,0.023881115182222273,0.014604179172582344,0.013653506771044554,0.011741394251726642,0.0041605642424345154,0.0018701667169980615
11,1,Head,-0.3024094171310474,-0.4216168397375101,0.08364212324902125,0.02588005579907936,-0.004572079368439486,0.09964661204759301,0.026531626489038923,-0.06865894434248068,0.3041096772884483,-0.10656950713139966,0.3447437651355716,-0.3697667737247356,-0.5902018193333454
11,1,HipLeft,-0.3023594623207757,-0.5893765981248139,-0.4002629240010273,0.1439167928400711,3.11833314054725e-4,0.12006379149167004,0.046686258766524436,-0.020038857319501946,-0.4175761504029287,0.12213233313547105,-0.14831109550318788,-0.1857770990326469,0.34278199479005195
11,1,HipRight,-0.3026175487488485,0.46745174196936523,-0.3688794489834486,0.1304979127111677,-9.938841558768407e-4,0.12313899786674716,0.04190152736148624,-0.01556829900434735,-0.3969884565229817,0.13662062140588513,-0.1539507637049774,0.06614374593286133,-0.561521649544412
11,1,Neck,-0.3060980684519412,0.278989364411641,-0.33212000512163714,-0.38434428564206485,0.5619977631230806,0.12252737702309473,0.03754631034253282,-0.05297214269718555,0.2279339966666518,-0.055942638468072264,0.2874669999803876,-0.12008875887287782,0.2885002433433025
11,1,ShoulderLeft,-0.2867312762612179,0.00912356351589054,0.04821674380224277,-0.010761075129395292,-4.855707944928545e-4,0.05635751048743086,0.1075561611434543,0.09651746265553506,0.14832174566377104,-0.7458176653139452,-0.5583882541675187,0.03008567608115559,0.015968941362373233
11,1,ShoulderRight,-0.30254357957212547,-0.2500877643290197,-0.007792292042491508,-0.00737820893547346,-4.929473756588216e-4,0.12068716066729583,0.010238865658028035,-0.04377960689685285,0.16162753965462234,0.07972786618215377,0.1399847812119288,0.8805177744776003,-0.04282438966837
11,1,SpineBase,-0.30407065224583607,-0.005329164197240081,0.5834047397433949,-0.5963489952806951,-0.05775759714324896,0.1339342738845557,0.04681474308989894,-0.02685908516675789,-0.39075486056230313,0.15776732498545962,-0.0815978111182504,-0.05559543753796287,0.0017658450173087684
11,1,SpineMid,-0.30830049553439115,0.19874348961701901,0.480583054609745,0.6767172568712925,0.2787438651797553,0.14067370562603784,0.05159541236215805,-0.043288366975938686,-0.058684858937921566,0.048942911023062925,0.12824302523683337,-0.06482564432516379,0.2191674009711312
11,1,SpineShoulder,-0.30710121238246363,0.27542049672824565,-0.111446182304894,0.008858211392100104,-0.776596279065212,0.1286082258493642,0.041917651843326575,-0.05098879981550345,0.17130385294970257,-0.03371087750646018,0.2585520334533121,-0.10460212717352096,0.2916550700901843
11,1,WristLeft,-0.16137320126047916,0.011697240726178186,0.0036761654575317515,0.0011400928707570438,-3.8581047540712414e-4,-0.6711066480554169,0.2696068848064463,-0.6695823073997621,-0.020231460156466846,-0.009724694180990312,-0.03947031686509006,0.014857987441960291,0.010577451354479876
11,1,WristRight,-0.1895052238162336,0.009019183567965572,0.005206829229272151,0.0057620124583019645,-4.717415010616983e-6,-0.3824360784939084,-0.7760099221609779,0.11546261698341052,-0.2543300670222699,-0.2803454802937816,0.23907572917274886,0.03943171777226341,0.013278075473549747
11,2,ElbowLeft,0.26925614675779985,0.009593802127469749,0.003790465506756908,0.0025865296884768083,1.559449211079291e-4,-0.16566343323855393,0.19739314730959456,0.575130914059669,-0.5300225636899484,0.49194058876034485,-0.07662900627409033,-0.007320356463341581,0.03672812511615874
11,2,ElbowRight,0.26453525271703837,-0.0011240646981193073,0.0039658301988822146,3.845977611574088e-4,-4.692833668137344e-4,-0.22619649444688145,-0.2604138735061262,0.4730825385794609,0.7383440737280231,0.14866869657574072,0.14079825560740247,0.007183638348988171,-0.009290138903984923
11,2,ExplainedVariance,0.8309034763982052,8.318401109541523e-4,4.7067935909623565e-4,4.379163113330807e-5,2.6250650786735056e-5,0.07000005074361824,0.04204764748693124,0.017070494670739397,0.014903544474896637,0.013461538568157044,0.005108651567029723,0.003071585002591681,0.002060449335860439
11,2,Head,0.2952266767361564,0.06388974601815897,0.04100759820958225,-0.004281581283330858,0.0069031342895271965,0.10165448395480234,-0.008715772104499739,0.10563637065926954,-0.08609095871173686,-0.31243767737788847,0.023608842552111722,-0.7355540426599417,-0.48868903942082675
11,2,HipLeft,0.2944530905389833,-0.69817142868222,-0.11822748511284789,-0.39582548061003947,-0.026186821926653576,0.12308629328228116,0.015349329143189303,-0.31687563358801224,0.05998421567915668,0.34202798577212,0.05605658957201877,-0.05276330819401435,-0.11049512611899183
11,2,HipRight,0.2952651745907862,0.7054660961591349,-0.20981357020733887,-0.4042065208597466,-0.02496065695089004,0.12649915961924335,0.012299308755684107,-0.30567998265409424,0.07420976752742367,0.3032599580721102,0.0017527506492832495,0.002433806697049694,0.005668704248145668
11,2,Neck,0.2972072864721559,-0.06829378394258188,-0.4761897396126121,0.10681936382549238,-0.5416180398356225,0.13201370419411762,0.002564104817250959,0.08889943189332791,-0.08441329607496259,-0.31631628968368597,0.17944693787771787,-0.04166900411366347,0.45719824087187905
11,2,ShoulderLeft,0.2943235933340962,0.021268708237082504,-0.026919010892337805,0.009294323817911267,0.0014591616209517037,0.1318564396580288,0.023397730090776794,0.08965954053199376,-0.12740398858682508,-0.27334575935116484,0.2898358035404007,0.6480832640486943,-0.5396010743349428
11,2,ShoulderRight,0.2925439327941952,-0.04981114991508738,-0.02669789656726692,0.017731691305909035,-0.001844369582649027,0.10796723480512735,-0.041890286794063786,0.0400013512732543,0.09629029166646423,-0.18653437324973687,-0.9055130585701705,0.17824670283429334,-0.010089472953133366
11,2,SpineBase,0.2953241942579165,0.01679689222046871,-0.06934727468212512,0.8085064969717377,0.1465680718669007,0.13070175694566585,0.013618257986609622,-0.31657955255250647,0.0674097436844509,0.32513776441551473,0.046860801845820005,-0.034439657786334246,-0.03736042519970195
11,2,SpineMid,0.29990150185745174,0.03734445429349851,0.8407418372440485,-0.025796548490451578,-0.3213304435437814,0.14703464920221962,0.007413397017138071,-0.09961689638363987,-0.010403611948082175,-0.02272907026083276,0.08960050410735265,0.028939156387118282,0.23834992072783193
11,2,SpineShoulder,0.2982676928960844,-0.03765351775540804,0.01808677554200143,-0.11725567481715492,0.7619396027480196,0.138191241684155,0.002353146015945065,0.060339811130447556,-0.07124814925383083,-0.2723219834109776,0.15545413495392812,-0.006659459293486087,0.43451290629619743
11,2,WristLeft,0.18444988723515765,-0.0023164341349794747,0.007473331692575811,0.0018548966540369834,4.419014777929668e-4,-0.618414995382385,0.6959118798013434,-0.20403533979608077,0.1571538846636449,-0.18106431399890857,-3.8656560418493663e-4,0.005506694232104977,0.006357153096823639
11,2,WristRight,0.1891986300038254,0.0012619360164039491,0.007474389379924022,0.001543407561130138,-2.812019217988428e-4,-0.6270551331490527,-0.637110350418997,-0.2597082584080899,-0.30058627682879036,-0.0811254072844007,-0.0071300376964386555,0.021138139603703126,0.012519593878124433
12,1,ElbowLeft,0.20644889304189537,-0.003944542096317964,0.0014803314968557988,-5.016886275406433e-5,1.516112161063332e-4,0.3970147838930307,-0.4949912888760298,0.4446030749750549,0.39877504918200773,0.33445854686813764,-0.29312894437833353,0.013639069402054551,0.0075767819939529905
12,1,ElbowRight,0.22832369589889778,0.006026054962526017,-0.009934636954547733,0.0038141980445730726,-3.227104113048181e-5,0.3215717815551342,0.45671790555255426,0.5389801967556316,0.06664842323846441,-0.5613735537326277,0.08594846578321902,-0.13404048309307248,-0.016827148439763934
12,1,ExplainedVariance,0.719092607093507,0.002793442712550145,9.071448075997528e-4,2.0334011788306097e-4,1.4766795344602472e-5,0.11628788742727376,0.06542671899688891,0.02516246174819171,0.022450351961977134,0.019328599548704327,0.014040108781984952,0.008729784864616055,0.005562785143478562
12,1,Head,0.30213901270700716,-0.02032154302307627,-0.06455816204009149,-0.012226908743431436,0.0015765346784131179,-0.07977944010904399,-0.015027145859008259,0.07520005042577634,-0.4567305796288004,0.18439398085182077,-0.1817562784580844,-0.6012730347817082,0.5045444692262406
12,1,HipLeft,0.30950363912607237,0.6992747996753854,0.17964062077589987,-0.35497205783197494,-6.358974193305593e-4,-0.1103478340344116,-0.0021662820953217282,-0.2613737683269611,0.36614993037122934,-0.10485990365638283,0.0409059369739916,-0.15088668047608017,0.08334801804956658
12,1,HipRight,0.31157821518714346,-0.7055532152768593,0.21781298399078594,-0.40622381275673697,4.6969334741319286e-4,-0.12079796172363598,0.014966459181214711,-0.23307587285857234,0.311037301242831,-0.12905555019720194,-0.03626782997528074,-0.043245105034237466,0.08323242281941724
12,1,Neck,0.31530741083976316,0.03217988071699909,0.4699986762899545,0.0976774692596315,-0.5690609855626255,-0.11595844193363118,-3.347384710440937e-4,0.0729669305021408,-0.2927672551484896,0.07372976569250472,-0.1468006637892419,0.030126018038998996,-0.4614089745564751
12,1,ShoulderLeft,0.2938769273617003,-0.046712616655901026,-0.009324992119987642,0.028669123764661044,-3.510007359100528e-4,-0.07973418379107947,-0.10197858257552542,0.19031235086543624,-0.016292384367013454,0.29389325766870056,0.8764167150160389,0.04620670145549148,0.02625484910180198
12,1,ShoulderRight,0.3064818857732332,0.07861936829379147,0.028465960470913675,0.015463137466721795,0.0017807869706937347,-0.1151976656598003,0.03867877720805908,0.08556261906897308,-0.1849197205288215,-0.06841944457863457,-0.15839570520521262,0.754478412622205,0.49350212578557373
12,1,SpineBase,0.3127346537659034,-0.05105201239149941,-0.027593128756917655,0.8198885537552646,0.05150598212986829,-0.12642158067274017,0.007640948990393248,-0.2558038896812036,0.33497867165408607,-0.12245540095107925,-0.0387463233872082,-0.10264886287132867,0.05690965110340164
12,1,SpineMid,0.31924892997462584,-0.00708198495785034,-0.830095783109566,-0.15707094289430656,-0.2637436715026491,-0.1402326736396784,-0.007513645020078508,-0.06642499692993155,-0.003222367804375806,-0.025968203553041525,-0.09616491727922329,0.05202676472611137,-0.27922357897469746
12,1,SpineShoulder,0.31732205844064065,0.025384315405474384,0.06434945904612456,-0.0361633465262548,0.7771419021773471,-0.12393179133102733,-0.0034606988810131495,0.04750907207778534,-0.2363082199204225,0.05297163129008692,-0.13630519219227594,0.04590514990610306,-0.43852256170935633
12,1,WristLeft,0.143451047276099,-0.005030720909914101,-0.005513436699357161,0.0038381116973247387,-2.403227093027373e-5,0.5812609314552771,-0.4493750597465307,-0.4004110315963392,-0.3295112935672708,-0.37974627018381263,0.1591910326190516,0.02862634446169552,-0.016552204275446816
12,1,WristRight,0.14275076838674405,-0.004452486886722366,-0.015180376839848537,-2.2021388389330645e-4,1.966981568025181e-4,0.532815088874528,0.5761747347907199,-0.3197418558744517,0.017603384976618515,0.5021670011898337,-0.03533462063220446,0.08503115811814062,-0.01753153176060723
12,2,ElbowLeft,-0.23001282720527072,-0.013083215165560816,-0.0030568668197100144,-0.002397679256443952,-3.629124802909301e-4,-0.38011181879720507,-0.45979788803085964,0.015707632975733462,-0.2754988239295542,0.647465591077919,0.2737805380126938,-0.12784348625845265,-0.06596095697904195
12,2,ElbowRight,-0.23985260347899906,0.013055260289557828,0.0011122378258765987,1.8615066639423813e-4,-1.494519913356962e-5,-0.30529582099734565,0.4704975343281448,0.013890001318109923,-0.7021736425226388,-0.08050851801970293,-0.35694149283418397,-0.019277710095583503,0.014977030090047704
12,2,ExplainedVariance,0.7352944861354637,0.0016704992212163408,9.784031876904288e-4,7.81578200451293e-5,1.780620893028453e-5,0.12344147548346555,0.05205559248684819,0.026727025377470674,0.02007550667229847,0.015712155555394278,0.012434157193256678,0.006794718125557621,0.004720016532362753
12,2,Head,-0.3007812404907654,0.013977900411253642,0.15724384144773648,0.00543626654569645,0.0038856974456730076,0.06635656082687304,-0.05383339486769248,0.4427874139770221,0.1288595758225885,-0.09762774908449141,-0.08379164004120077,-0.6260787275785363,0.5060350630867858
12,2,HipLeft,-0.3060197243996072,0.6705931997979651,-0.2709216763678464,0.399735187785491,0.005940203406433463,0.14176450923924383,0.01756633947870223,-0.4054640543368017,0.07580809320592743,0.06866166169019002,-0.04029606994445259,-0.03732274490405513,0.15858664673691597
12,2,HipRight,-0.304519559121895,-0.7142459149627383,-0.03267533047288002,0.4078944501117356,0.003338848717600189,0.14548054706300007,0.038380058968710495,-0.4336888679330963,0.048907701064529435,0.005204250374786001,-9.612793480342913e-4,-0.11761476551392396,0.0518367270135528
12,2,Neck,-0.31038509783465995,-0.05864437207331687,-0.48503976593198117,-0.041272166235800926,-0.5728714495418589,0.11837304160029333,-0.04124488229453929,0.3152344195234034,0.10048245186656588,-0.029927767159739826,-0.1451387114838526,-0.042793783717079134,-0.43139107582703135
12,2,ShoulderLeft,-0.30448601298675065,-0.10314598943523265,-0.027479524006968955,-0.014564620036567395,5.902970391100195e-4,0.0896150602329697,-0.09763042120881965,0.26037164953536485,0.05715450557472232,0.15133845110165306,-0.16066856317301884,0.7310808478331113,0.47314063481618884
12,2,ShoulderRight,-0.29391339700690594,0.03502898175506547,-0.017112912658587227,-0.020597372197529457,7.673818458860242e-5,0.08318393808248228,0.07125861605670769,0.09759985181069714,-0.24543111263323597,-0.42320711833990465,0.7971759828493332,0.12357226767589738,0.006880266288052921
12,2,SpineBase,-0.30595596516211754,-0.014318617639718041,-0.07400690702973019,-0.8171404091816129,0.04694931194664606,0.15190123186596177,0.030626447158165662,-0.42808793916670984,0.06980328013309262,0.04718703830928889,-0.04150605910614241,-0.08853942261915054,0.0827881157100162
12,2,SpineMid,-0.313734085991258,0.15442287264788673,0.8078702450461407,0.052049587432430426,-0.26421292182998035,0.15697562246664704,-0.0011464286598072554,-0.051426690331774126,0.06971637959104185,0.039592919655462314,-0.08349213922876757,0.0968473501927511,-0.3201356821681207
12,2,SpineShoulder,-0.31264409524903036,0.008093320814733022,-0.0772592787317141,0.031929031553490105,0.7744307457439162,0.1300938719392178,-0.032374200387222024,0.24432254806529083,0.09221816830769372,-0.010736319585245874,-0.1322061856573144,0.009989155233542763,-0.43771337536334565
12,2,WristLeft,-0.1529146750729691,0.011966116378826764,0.019545293977092815,-0.003225285952480675,7.6455116989403e-4,-0.577686749142904,-0.4759905834009651,-0.164807356492673,0.14617114544551013,-0.5665548696045172,-0.20092086480155422,0.07554589246187268,-0.014269845542938597
12,2,WristRight,-0.15528089452495136,-0.007424152300406222,0.0019080175765345596,-0.0011470411730017773,-1.1407699992215779e-4,-0.5378849120193636,0.5636251280921282,0.039518148130977614,0.5413927370618417,0.17954618835388875,0.20020167671071332,0.03843691474777518,-0.01927619294843929
